title,datetime
ANA、能登半島地震でマイル寄付受付　ふるさと納税も,2024年1月5日
JAL、あすの羽田発ロンドン・パリ行きを成田・中部経由に　滑走路の離陸性能制限で,2024年1月5日
ANA、1月8日以降の羽田空港発着便は全便運航,2024年1月5日
JAL、東京/成田〜札幌/千歳線で臨時便　1月6日と7日に計7便,2024年1月5日
ANA、東京/成田〜札幌/千歳・大阪/伊丹・福岡線で臨時便　1月7日に13便,2024年1月5日
ANA、1月7日は96便を欠航　羽田空港滑走路閉鎖の影響,2024年1月5日
アラスカ航空、ボーイング737-8型機を初受領,2024年1月5日
エア・ドゥ、新千歳空港での空席待ちを中止,2024年1月5日
カタール航空、「お年玉ギフトキャンペーン」開催　モデルプレーンなどプレゼント,2024年1月5日
エミレーツ航空、ソウル/仁川〜ドバイ線を増便　2月19日から週10往復,2024年1月5日
スカイマーク、1便を欠航　特別取り扱い延長,2024年1月5日
ANA、あす1月6日は96便を欠航　羽田空港滑走路閉鎖の影響,2024年1月5日
ANA、東京/成田〜札幌/千歳・大阪/伊丹・福岡線で臨時便　1月5日〜6日に計24便,2024年1月5日
JR北海道、札幌〜函館駅間で臨時特急1往復　東京行き臨時「はやて」に接続,2024年1月5日
ANA、東京/成田〜札幌/千歳・大阪/伊丹・福岡線で臨時便,2024年1月5日
スターフライヤー、夏スケジュールの航空券を1月31日発売開始,2024年1月5日
JAL、きょうの羽田発ロンドン・パリ行きを成田経由に　滑走路の離陸性能制限で,2024年1月5日
JAL、羽田空港での空席待ちを8日まで全路線で中止,2024年1月4日
ANA、きょう103便を欠航　羽田空港滑走路閉鎖の影響,2024年1月4日
ANA、あす5日は98便を欠航　羽田空港滑走路閉鎖の影響,2024年1月4日
JAL、あす5日は102便を欠航　羽田空港滑走路閉鎖の影響,2024年1月4日
JAL、きょう91便を欠航　羽田空港滑走路閉鎖の影響,2024年1月4日
ANA、東京/羽田〜能登線を24日まで欠航,2024年1月4日
ANA、航空券の特別取り扱いを延長　羽田発着便は8日まで,2024年1月4日
能登空港、24日まで終日欠航を決める,2024年1月4日
JAL、きょう82便を欠航　羽田空港滑走路閉鎖の影響,2024年1月4日
スカイマーク、9便を欠航　羽田発着便で出発時刻調整を実施,2024年1月4日
JAL、札幌/千歳〜東京/成田線で臨時便　きょう1便、350-900で,2024年1月4日
ANA、きょう95便を欠航　羽田空港滑走路閉鎖の影響,2024年1月4日
スカイマーク、航空券の特別取り扱い実施　5日搭乗分まで,2024年1月4日
スカイマーク、2便を欠航　羽田発着便で出発時刻調整を実施,2024年1月4日
チェジュ航空、日韓線で「700円航空券セール」開催,2024年1月4日
ANA、あす5日も航空券の特別取り扱い実施　無手数料で振替・払戻対応,2024年1月4日
スプリング・ジャパン、航空券の特別対応実施　3月30日搭乗分まで対象,2024年1月4日
JAL、きょう66便を欠航　羽田空港滑走路閉鎖の影響,2024年1月4日
JAL、営業損失約150億円を計上へ　エアバスA350-900型機全損,2024年1月4日
カタール航空、新春お年玉キャンペーン　最大12％オフ,2024年1月4日
JAL、羽田発ロンドン行き深夜便を中部経由に　滑走路の離陸性能制限で,2024年1月4日
スカイマーク、きょうは通常運航を予定,2024年1月4日
ANA、きょう65便を欠航　羽田空港滑走路閉鎖の影響,2024年1月4日
航空各社、特別対応を延長　無手数料で変更や払い戻し,2024年1月4日
ANA、きょう37便を欠航　羽田空港滑走路閉鎖の影響,2024年1月4日
JAL、東京/羽田〜沖縄/那覇線で臨時便　きょう4日に1往復,2024年1月4日
ANA、3日は120便を欠航　羽田空港滑走路閉鎖の影響,2024年1月4日
炎上のJAL機、ペットを搭載　受託手荷物は約200個、貨物郵便はなし,2024年1月3日
エア・ドゥ、航空券の特別対応を実施,2024年1月3日
ANA、あす4日も航空券の特別対応を実施,2024年1月3日
JAL、羽田空港での空席待ちを4日も全路線で中止,2024年1月3日
JAL、羽田発ロンドン・パリ行きを成田経由に　滑走路の離陸性能制限で,2024年1月3日
スカイマーク、航空券の特別取り扱い実施　4日搭乗分まで,2024年1月3日
JAL、「2024新春！JALお年玉企画」を中止,2024年1月3日
運輸安全委員会、調査官を派遣　羽田空港事故,2024年1月3日
JAL、きょうの羽田空港での空席待ちを全路線中止　申し込み済みも無効に,2024年1月3日
ANA、国内線で臨時便3便を追加設定　計12便に,2024年1月3日
ANA、国内線で臨時便9便を設定,2024年1月3日
ZIPAIR Tokyo、8機目が日本に到着　旧JAL機を改修,2024年1月3日
スターフライヤー、航空券の特別対応実施　1便を欠航,2024年1月3日
ソラシドエア、航空券の特別対応を実施　1便を欠航,2024年1月3日
エア・ドゥ、きょう全便で空席待ち受付を中止　7便を欠航,2024年1月3日
JAL、きょう44便を欠航　羽田空港滑走路閉鎖の影響,2024年1月3日
JALグループ、航空券の特別対応実施　3月末搭乗分まで対象,2024年1月3日
スカイマーク、きょうの4便を欠航　羽田空港滑走路閉鎖の影響,2024年1月3日
ANA、きょう55便を欠航　羽田空港滑走路閉鎖の影響,2024年1月3日
炎上のJAL機、脱出時に機内アナウンスシステムが作動せず　安全な3か所の出口から全員脱出,2024年1月3日
エアバス、「当局の調査に技術支援を提供」　JAL機火災事故で,2024年1月3日
ANA、羽田発の国際線運航再開　3便欠航,2024年1月2日
羽田空港、滑走路の運用を再開,2024年1月2日
ANA、3日の羽田発着全便を無手数料で振替・払戻対応,2024年1月2日
【速報】羽田空港でJAL機が炎上、海上保安庁機が衝突か　乗員乗客全員脱出,2024年1月2日
ANA、東京/羽田〜能登線を4日まで欠航,2024年1月2日
JAL、大阪/伊丹〜新潟線で臨時便　きょう1往復,2024年1月2日
ANA、東京/羽田〜小松・富山線の機材大型化　小松に777-300型機,2024年1月2日
JAL、東京/羽田〜小松線で臨時便　あす3日に1往復,2024年1月2日
北陸鉄道、小松空港発着バスの運休撤回,2024年1月2日
ANA、福岡〜小松線で臨時便　きょう1往復,2024年1月2日
ANA、能登発着便以外は通常運航　羽田〜小松線は機材大型化も,2024年1月2日
JAL、東京/羽田〜小松線で臨時便　767で1往復,2024年1月2日
能登空港、滑走路に長さ10メートル以上のひび複数,2024年1月2日
ANA、東京/羽田〜小松線で臨時便　787で1往復,2024年1月2日
能登空港、きょうの全便欠航,2024年1月2日
ジェットスター・ジャパン、あすはほぼ通常運航　労組ストライキ中止で,2024年1月1日
タイガーエア・台湾、台北発新潟行き便を引き返し,2024年1月1日
ジェットスター労組、ストライキ中止　地震の影響,2024年1月1日
JAL、能登地方地震の影響で小松・新潟発着便を欠航,2024年1月1日
ANA、能登・庄内・新潟・小松発着便の一部欠航　地震の影響,2024年1月1日
中国南方航空、名古屋/中部〜大連線の運航曜日を変更,2024年1月1日
"ピーチ、「NEW YEAR SALE」開催　片道2,024円から",2024年1月1日
"北九州空港、往復航空券と宿泊のDP購入者に4,000円クーポンを配布",2024年1月1日
フィンエアー、欧州行きのセール延長　総額16万円台から,2024年1月1日
2024年はどうなる？　旅行業界激動の2023年を10本の人気記事で振り返る【コラム】,2023年12月31日
新千歳空港、降雪の影響で51便欠航　午後8時時点,2023年12月31日
ジェットスター・ジャパン、指名ストライキ　元日は20名,2023年12月31日
新千歳空港、降雪の影響で40便欠航　午後6時時点,2023年12月31日
JTA、航空機整備の廃材をアップサイクルしたキーホルダーを機内販売,2023年12月31日
ジェットスター・ジャパン、きょうの欠航大幅増　計22便、約2割が欠航,2023年12月31日
ジェットスター・ジャパン、元日は13便を欠航　欠航率約9％,2023年12月31日
アシアナ航空、東京/成田〜ソウル/仁川線にボーイング747-400型機を投入　1月3日から,2023年12月31日
中国南方航空、東京/成田〜大連線を増便　2月1日から1日1往復,2023年12月31日
イベリア航空、地上職員のストライキで461便を欠航に,2023年12月31日
ジェットスター・ジャパン、整備で2便欠航,2023年12月31日
ZIPAIR Tokyo、8機目を導入　旧JAL機,2023年12月31日
エアアジアX、アルマトイ就航　2024年3月14日から週4往復,2023年12月31日
エティハド航空、欧州行きでウインターセール　総額11万円台から,2023年12月31日
フィンエアー、ビジネスクラスの手荷物規定変更　12月11日発券分から,2023年12月30日
ジェットスター労組、交渉また決裂　一定の譲歩も事務所の貸与で合意できず,2023年12月30日
ジェットスター・ジャパン、指名ストライキ　31日は23名,2023年12月30日
JAL、東京/羽田〜沖縄/那覇線で臨時便　ジェットスターのストで,2023年12月30日
ジェットスター・ジャパン、あす31日は13便を欠航　JALが臨時便、欠航率約12％,2023年12月30日
ジェットスター・ジャパン、あす31日は13便を欠航　JALが臨時便、欠航率約12％,2023年12月30日
スイス・インターナショナル・エアラインズ、来夏スケジュールで欧州内ネットワーク強化,2023年12月30日
グレーターベイ航空、東京/成田〜香港線を増便　段階的に1日2往復に,2023年12月30日
ソラシドエア、夏スケジュールの航空券を2024年1月31日発売開始,2023年12月30日
エティハド航空とモルディビアン航空、インターライン契約を締結,2023年12月30日
ジェットスター労組、30日以降もスト継続　会社との交渉決裂,2023年12月30日
ANA、東京/羽田〜大阪/関西線で臨時便　12月30日に1便,2023年12月29日
JAL、東京/羽田〜鹿児島線で臨時便　ジェットスターのストで,2023年12月29日
スプリング・ジャパン、東京/成田〜札幌/千歳線で臨時便　30日に1往復2便、ジェットスターのストで,2023年12月29日
ジェットスター・ジャパン、あす30日は8便を欠航　JALとスプリングが臨時便,2023年12月29日
マレーシア航空、ハッピーホリディセールを開始　往復総額6万円台から,2023年12月29日
スターラックス航空、函館〜台北/桃園線を夏スケジュールは週5往復運航,2023年12月29日
スターフライヤー、オリジナルチョコレートを一般販売,2023年12月29日
JAL、東京/羽田〜旭川線で臨時便　ジェットスターストで,2023年12月29日
ANAのふるさと納税、「ANAにキュン！」で数量限定返礼品を設定,2023年12月29日
ジェットスター・ジャパン、ストによる欠航追加　整備事由合わせて17便に,2023年12月29日
デルタ航空とエルアル・イスラエル航空、コードシェア実施　マイレージ提携も,2023年12月29日
JAL、国内線搭乗でディズニーシー新エリア先行招待券などをプレゼント,2023年12月29日
"ジェットスター・ジャパン、ストで約1,500人に影響　他社便振替も実施",2023年12月29日
ジェットスター・ジャパン、あす29日は9便を欠航　成田〜旭川線は全便欠航に,2023年12月28日
ANA、燃油サーチャージを引き下げ　2月以降発券分,2023年12月28日
ジェットスター・ジャパン、指名ストライキ　30日は24名,2023年12月28日
ウエストジェット航空、カルガリー〜ソウル/仁川線を開設　2024年5月17日から週3往復,2023年12月28日
ニューパシフィック航空、クラウドファンディングによる出資受け入れを断念,2023年12月28日
エティハド航空と中国東方航空、戦略的協力関係を強化,2023年12月28日
"JAL、JALカード会員の初回搭乗で5,000FLY ON ポイント付与　2024年も実施・登録必須",2023年12月28日
エア・ドゥ、東京/羽田〜札幌/千歳線で2月に増便　計4便,2023年12月28日
スカイマーク、東京/羽田〜神戸・福岡線で増便　1月に38便,2023年12月28日
LUXURY FLIGHT、中部国際空港に航空グッズ専門店　12月22日に開業,2023年12月28日
ジェットスター・ジャパン、指名ストライキ　28日は20名,2023年12月27日
中国国際航空、大阪/関西〜上海/浦東線を増便　12月20日から1日2往復,2023年12月27日
ZIPAIR Tokyo、東京/成田〜バンクーバー線を2024年3月13日開設　週3往復を運航,2023年12月27日
JTAとRAC、元日の沖縄/那覇発利用者に「久米島の久米仙」プレゼント,2023年12月27日
ANAと小学館がコラボ、グラハンが主人公の漫画「ブルーフライト～グラハン女子物語～」を連載,2023年12月27日
アメリカン航空とフィリピン航空、コードシェア実施　日本路線も,2023年12月27日
ジェットスター・ジャパン、指名ストライキ　29日は36名に拡大,2023年12月27日
"ANA、12月28日〜1月3日搭乗分「トクたびマイル」設定　東京/羽田～富山4,500マイルなど",2023年12月26日
国管理空港、使用料引き上げへ　パブコメ実施,2023年12月26日
大韓航空、鹿児島〜ソウル/仁川線でインバウンドチャーター　21往復を運航,2023年12月26日
"スクート、大阪/関西〜シンガポール線でセール　片道17,800円から",2023年12月26日
ZIPAIR Tokyo、東京/成田〜ホノルル線を夏スケジュールは週3往復運航,2023年12月26日
ジェットスター・ジャパン、乗員繰りで欠航便　東京/成田〜高松線の2便、遅延便も,2023年12月26日
スターラックス航空、函館〜台北/桃園線を開設　2024年2月1日から,2023年12月26日
イベリア航空、ドーハ就航　1日1往復で,2023年12月26日
イベリア航空、リュブリャナに季節定期便,2023年12月26日
ジェットスター・ジャパン、指名ストライキ　27日は24名に拡大,2023年12月25日
ジェットスター・ジャパン、指名ストライキ　26日は14名がスト,2023年12月25日
ピーチ、楽天ペイでの支払いに対応,2023年12月25日
ブリティッシュ・エアウェイズ、ロンドン・スタンステッド空港に乗り入れ,2023年12月25日
ANA、羽田〜八丈島線でSAFを継続使用　東京都が助成、小池都知事も視察,2023年12月25日
ユナイテッド航空、メキシコのトゥルム就航　4路線開設,2023年12月25日
タイ国際航空のビジネスクラス、エコノミークラスと同様の座席で苦情　CAATが改善指示,2023年12月25日
ニュージーランド航空、スターリンクを導入,2023年12月25日
ラタム航空、ボーイング787型機を5機追加発注,2023年12月25日
エミレーツ航空、モーリシャスへのエアバスA380型機就航10周年,2023年12月25日
ハワイアン航空、札幌/千歳〜ホノルル線を無期限運休,2023年12月25日
ソラシドエア、東京/羽田〜熊本・沖縄/那覇線で臨時便を追加　1月と3月に計10便,2023年12月25日
スターラックス航空、日本路線の航空券10％オフ,2023年12月25日
ジェットスター・ジャパン、乗員繰りできょうも欠航便　東京/成田〜福岡線の2便,2023年12月25日
ジェットスター・ジャパン、指名ストライキを25日も実施　9名がスト,2023年12月24日
エミレーツ航空、デュッセルドルフのラウンジ刷新,2023年12月24日
"アムステルダム・スキポール空港、2024年は483,000便が発着　混雑緩和で便数削減も",2023年12月24日
成田国際空港、蓄電池式超急速EV充電器を設置,2023年12月24日
サンフランシスコ国際空港、滑走路28Lを5か月間閉鎖,2023年12月24日
ジェットスター・ジャパン、乗員繰りで欠航　東京/成田〜福岡線の2便,2023年12月23日
「SPORTS BAR by Villa Fontaine」、羽田エアポートガーデンに12月16日開業　朝7時まで営業,2023年12月23日
タイ・ベトジェットエア、仙台〜台北/桃園〜バンコク線でチャーター便,2023年12月23日
ジェットスター・ジャパン、指名ストライキを24日も実施　8名がスト,2023年12月23日
スイス・インターナショナル・エアラインズ、全機材の運航再開,2023年12月23日
ビヨンド、マレ〜バンコク/ドンムアン線を2024年7月7日開設,2023年12月23日
ソラシドエア、東京/羽田〜長崎線で早朝夜間臨時便　3月に4便,2023年12月23日
マレーシア航空、フラッシュセールを開始　往復総額6万円台から,2023年12月22日
ジェットスター・ジャパン、指名ストライキ拡大　23日は8名,2023年12月22日
ジェットスター・ジャパン、22日は欠航回避　労組ストライキ突入,2023年12月22日
国土交通省航空局、JALエンジニアリングに業務改善勧告,2023年12月22日
ジェットスター・ジャパン、労働組合が指名ストライキ,2023年12月22日
萩・石見空港、利用者への運賃助成拡大,2023年12月22日
エティハド航空、東京/成田〜アブダビ線にエアバスA350-1000型機を投入,2023年12月22日
"ジェットスター・ジャパン、国内線で「スーパースターセール」　片道3,900円から",2023年12月22日
エア・ドゥ、東京/羽田〜札幌/千歳線で1月に増便　計4便,2023年12月22日
キャセイパシフィック航空、香港〜ニューヨーク/ジョン・F・ケネディ線でファーストクラス設定,2023年12月22日
春秋航空、高松〜上海/浦東線の運休継続　1月まで,2023年12月22日
カタール航空、来夏スケジュールでネットワーク拡大　ヴェネツィアとハンブルクへ,2023年12月21日
フィンエアー、日本支社長にサカリ・ロム氏,2023年12月21日
"チェジュ航空、日韓線で「今安セール」　片道3,500円から",2023年12月21日
JAL、エアバスA350-1000型機でチャーターフライト　JMB会員を招待,2023年12月21日
"JAL、燃油サーチャージ引き下げ　2月以降発券分、欧米往復87,200円",2023年12月21日
ANA、国際線ファースト・ビジネスクラスのアメニティキット刷新,2023年12月21日
エールフランス航空、1万円割引コード配布中,2023年12月21日
エア・ドゥ、就航25周年　特別フライトを実施,2023年12月20日
ANAエコノミークラス機内食、カプセルトイに　10種類を展開,2023年12月20日
カタール航空、東京/羽田〜ドーハ線を運休,2023年12月20日
"ピーチ、「クリスマスセール」開催　片道2,790円から",2023年12月20日
中部国際空港、駐車場料金に「多客期料金」を導入　12月27日から適用,2023年12月20日
中国東方航空、日本コールセンターの営業を終了,2023年12月20日
トランサヴィア航空、エアバスA321neoを初受領,2023年12月20日
ジェットスター・ジャパン、東京/成田〜上海/浦東線の運航再開　週4往復で,2023年12月20日
JALとDHL、JALの767貨物機を活用した長期契約を締結,2023年12月20日
イージージェット、エアバスA320ファミリーを157機追加発注,2023年12月20日
ルフトハンザグループ、ボーイングの単通路機を約30年ぶりに発注,2023年12月19日
スイス・インターナショナル・エアラインズ、チューリッヒ〜ロッテルダム線を開設　2024年1月22日から週6往復,2023年12月19日
エア・ドゥ、客室乗務職の採用開始　40名程度,2023年12月19日
ルフトハンザグループ、エアバスA220型機とボーイング737MAXを発注,2023年12月19日
フィンエアー、エアバスA321型機6機を購入　BOCから,2023年12月19日
エティハド航空とTAPポルトガル航空、コードシェアを開始,2023年12月19日
"マカオ航空、マカオ往復が2名総額89,990円から　東京/成田・大阪/関西発着",2023年12月19日
スイス・インターナショナル・エアラインズ、来夏スケジュールに4都市乗り入れ,2023年12月19日
"JAL、仙台〜札幌/千歳・大阪/伊丹線の「スカイメイト」運賃引き下げ　片道6,440円",2023年12月19日
大韓航空、札幌/千歳〜ソウル/仁川線を増便　2024年1月13日から1日2往復,2023年12月19日
【特集】JALの新国際線機、エアバスA350-1000　“リクライニング済み”のエコノミークラス編,2023年12月19日
"ANA、12月21日〜27日搭乗分「トクたびマイル」設定　東京/羽田〜宮古線5,500マイルなど",2023年12月19日
フィンエアー、マイレージプログラムの刷新延期　来年3月9日に,2023年12月19日
ANA、国内線で「幼児ディスカウント」を導入　「往復ディスカウント」はルール変更,2023年12月19日
ALC、サンクラス航空にエアバス機2機を引き渡し,2023年12月19日
イベリア航空、東京/成田〜マドリード線の運航再開　2024年10月27日から週3往復,2023年12月18日
エア・ドゥ、12月30日のレバンガ北海道対富山グラウジーズ戦を冠試合に,2023年12月18日
シンガポール航空、シンガポール〜ロンドン/ガトウィック線を開設　2024年6月21日から週5往復,2023年12月18日
"ソラシドエア、小児運賃を12,000円or14,000円に　2月26日〜3月30日搭乗分",2023年12月18日
北京首都航空、大阪/関西〜合肥〜石家庄線を開設　12月23日から週2往復,2023年12月18日
JAL、国内・国際線の予約開始日時を変更　360日前午前0時に,2023年12月18日
JAL、エアバスA350-1000型機受領で社内セレモニー開催,2023年12月18日
"スプリング・ジャパン、全路線で「クリスマスセール」　片道1,980円から",2023年12月18日
ソラシドエア、バーゲンシリーズなど一部運賃の取消手数料を変更,2023年12月18日
2023年のSAF生産量は6億リットル、前年比2倍　24年には18億リットル超,2023年12月18日
上海航空、福岡〜上海/浦東線を開設　12月28日から週2往復,2023年12月17日
JAL、東京/羽田～ロサンゼルス線でファーストクラス設定　ボーイング777-300ER型機投入,2023年12月17日
バティックエアー・マレーシア、名古屋/中部〜高雄〜クアラルンプール線の開設を計画　MAVCOMが承認,2023年12月17日
ソラシドエア、「ソラシド ファーストメンバーズ」を終了,2023年12月17日
ルフトハンザグループ、短距離機材12機をセール＆リースバック,2023年12月17日
ベトナム航空と島根県、国際定期便の就航実現に向け覚書締結,2023年12月17日
エミレーツ航空、羽田空港で送迎サービス再開　ファースト・ビジネス利用者向け,2023年12月17日
スイス・インターナショナル・エアラインズ、AIで乗客数カウント　正式導入,2023年12月17日
JALとジャルパック、学びを通じて地域とつながるプラットフォーム「旅アカデミー」の実証実験開始,2023年12月17日
ジェットスター・ジャパン、来夏スケジュールの7路線の航空券追加販売,2023年12月16日
アボロン、ボーイング737-8型機を40機追加発注,2023年12月16日
チェジュ航空、広島〜ソウル/仁川線を増便　2024年1月12日から1日2往復,2023年12月16日
ルフトハンザグループ各社、テルアビブ発着便を再開,2023年12月16日
カンタス航空、エアバスA220型機を初受領,2023年12月16日
【特集】JALの新国際線機、エアバスA350-1000　“あぐらもかける”プレミアムエコノミークラス編,2023年12月16日
ターキッシュ・エアラインズ、エアバス機220機を追加発注,2023年12月16日
成田空港とトルクメニスタンを結ぶ航空便、運航可能に　航空協議で合意,2023年12月15日
ジェットスター・ジャパン、東京/成田〜旭川線を開設　初便はA321LR,2023年12月15日
スカンジナビア航空、東京/羽田〜コペンハーゲン線を増便　2024年4月25日から週4往復,2023年12月15日
JALのエアバスA350-1000型機初号機、羽田空港に到着,2023年12月15日
"ジェットスター・ジャパン、国内線11路線で「スーパースターセール」　片道3,750円から、成田〜札幌/千歳・旭川線は往復予約で復路990円",2023年12月15日
JALのエアバスA350-1000型機、仏・トゥールーズを出発　15日午前にも羽田に到着,2023年12月14日
"エア・ドゥ、全路線5,000円の「DOセール」開催　今夜から",2023年12月14日
【特集】JALの新国際線機、エアバスA350-1000　個室感重視のビジネスクラス編,2023年12月14日
ANA、2月〜3月搭乗分で「国内線タイムセール」実施　あすから,2023年12月14日
ANAグループ、スカイトラックスの最高評価「5スター」を11年連続で獲得,2023年12月14日
カタール航空、冬割キャンペーン開催　欧州へ9万円台から,2023年12月14日
フィンエアー、100周年記念オファー　欧州往復総額16.2万円から,2023年12月14日
エアカラン、東京/成田〜ヌメア線でセール　総額8.4万円から,2023年12月14日
ターキッシュ・エアラインズ、大阪/関西〜イスタンブール線の運航開始　週4往復で,2023年12月14日
【特集】JALの新国際線機、エアバスA350-1000　初の扉付き個室・ファーストクラス編,2023年12月14日
アボロン、エアバスA321neoを100機追加発注,2023年12月14日
JAL、国際線の新旗艦機エアバスA350-1000公開　2024年1月就航、ボーイング777-300ER置き換えへ,2023年12月14日
ANA、ステイタスカード・スーパーフライヤーズラウンジカードの全員への発行終了　2024年度からプラスチックカードは希望者のみに,2023年12月13日
JAL、エアバスA350-1000型機の株主向け見学会　1月16日に実施,2023年12月13日
スマホ決済サービス「JAL Pay」、Google Payに対応,2023年12月13日
マリオットとシンガポール航空、ステータスマッチ実施,2023年12月13日
"スクート、東南アジア路線でセール　片道13,000円から",2023年12月13日
AirJapan、東京/成田〜バンコク/スワンナプーム線をデイリー化　2024年4月30日から,2023年12月13日
JAL、最後のボーイング777-200ERが離日　退役ツアー客乗せLAへ,2023年12月13日
"ANA、12月14日〜20日搭乗分「トクたびマイル」設定　東京/羽田〜大阪/伊丹線3,000マイルなど",2023年12月12日
チャイナエアライン、沖縄/那覇〜台北/桃園線を増便　24年1月2日から週11往復,2023年12月12日
JAL、機内食容器に障害者のアート作品　CAがコラボ発案,2023年12月12日
チャイナエアライン、沖縄/那覇〜高雄線の運航再開　24年1月1日から週3往復,2023年12月12日
ヴァージン・アトランティック航空、ロンドン/ヒースロー〜サンパウロ線を開設　24年5月13日から1日1往復,2023年12月12日
ANA、国際線のベジタリアン・ヴィーガン用機内食でドーナツ提供　元ANA客室乗務員が創業,2023年12月12日
ANA、メタバースアプリ「ANA GranWhale」公開　仮想旅行でマイル獲得も,2023年12月11日
JAL、降機用ビデオをリニューアル　12年ぶり,2023年12月11日
JAL、エアバスA350−1000型機を2024年1月24日就航　羽田〜NY線,2023年12月11日
関西エアポート、中間決算は4期ぶり黒字化,2023年12月10日
トキエア、2号機を那覇へ空輸　冬季運航に伴う整備実施,2023年12月10日
JAL、6〜11歳までの”お子さま一人旅”利用で冬休み限定特典を進呈　12月中対象,2023年12月10日
フィジー・エアウェイズとジェットブルー航空、インターライン契約を締結,2023年12月10日
カタール航空、2日間限定タイムセール開催　欧州へ11万円台から,2023年12月10日
高松空港、国際線旅客取扱施設使用料を導入　2024年3月31日から,2023年12月10日
スターラックス航空、名古屋/中部〜台北/桃園線を期間増便　1月〜2月に6往復,2023年12月10日
"JALふるさと納税、Amazon Payで3万円以上の寄付で最大1,800マイルなどを付与",2023年12月9日
"キャセイパシフィック航空、航空券1万円割引と2,000マイル付与　先着150予約限定",2023年12月9日
アシアナ航空、楽天ペイ決済で楽天ポイント最大5％還元,2023年12月9日
カンタス航空、オーストラリア行きでセール　往復8.9万円から,2023年12月9日
ANAマリンジャンボ、大田区の高校生がねぶたで再現　訓練施設で展示予定,2023年12月9日
ポーたま、「ポーたま 阿蘇くまもと空港店」を12月22日に開業,2023年12月9日
アシアナ航空、名古屋/中部〜ソウル/仁川線で往復2万円から　10％追加割引も,2023年12月9日
ANA、海外の一部地域で予約・案内センターの電話番号変更,2023年12月9日
"チェジュ航空、日韓線で5日間タイムセール　片道3,000円から",2023年12月9日
デルタ航空、シアトル〜台北/桃園線を開設　2024年6月6日から1日1往復,2023年12月9日
"JAL、若年層の海外旅行で往復7,000マイル　JAL Pay利用でマイル山分けも",2023年12月9日
"ジェットスター・ジャパン、国内線7路線で「スーパースターセール」　片道3,480円から、成田〜高松線は往復予約で復路1,000円",2023年12月8日
キャセイパシフィック航空、エアバスA350Fを6機発注,2023年12月8日
"エア・ドゥ、全路線5,000円の「DOセール」開催",2023年12月8日
JAL、新規事業開発へビジネス交流会　サウナや宇宙テーマに意見交換,2023年12月8日
JAL、永久不滅ポイントからのマイル交換でレートアップ中　通常より20％増、12月末まで,2023年12月8日
ハワイアン航空、ソルトレイクシティ乗り入れ　サクラメント発着2路線も開設,2023年12月8日
ZIPAIR Tokyo、アジア4路線の夏スケジュールの航空券販売開始,2023年12月8日
エバー航空、松山〜台北/桃園線の運航再開　2024年3月6日から週2往復、期間増便も,2023年12月8日
羽田空港第1ターミナルに「羽田産直館」、12月15日オープン,2023年12月8日
JAL、「CLASS EXPLORER」を終了　来年3月で,2023年12月7日
"ピーチ、「76時間限定セール」開催　片道2,190円から",2023年12月7日
ブリティッシュ・エアウェイズ、ロンドン往復6万円　12月20日までセール　,2023年12月7日
JAL、東京/羽田〜ドーハ線を2024年3月31日開設,2023年12月7日
ハワイアン航空、ホーム・トラベルグッズ「Leihoku Collection」を展開　Noho Homeとのコラボ,2023年12月7日
"FDA、静岡発熊本行き利用者に「熊本屋台村1,000円クーポン」をプレゼント",2023年12月7日
アシアナ航空、ソウル/仁川〜ロサンゼルス線へのエアバスA380型機の投入拡大　2024年3月1日から1日2往復,2023年12月7日
リヤド・エアとターキッシュ・エアラインズ、戦略的協力に合意,2023年12月7日
チャイナエアライン、熊本〜台北/桃園線を増便　2024年2月27日から週5往復,2023年12月7日
ユナイテッド航空、「菊乃井」での特別ディナーをマイル交換で提供　1月25日に実施,2023年12月7日
"香港エクスプレス航空、「エクスプレスセール」開催　東京/羽田〜香港線が片道6,400円から",2023年12月6日
北海道エアシステム、「雪ミク」ラッピング機の運航を終了,2023年12月6日
2024年の航空業界、旅客数は歴史的水準に　利益率改善、IATA予測,2023年12月6日
鈴与とUPS、戦略的提携を2035年まで延長,2023年12月6日
アラスカ航空、エバレット〜ホノルル線とポートランド〜マイアミ線を開設,2023年12月6日
中部国際空港、「美ら島直行便」キャンペーンを延長　沖縄3路線利用者にフォトブックをプレゼント,2023年12月6日
大韓航空、大分〜ソウル/仁川線の運航再開　2024年1月20日から週3往復,2023年12月6日
ANAのエアバスA380型機「フライングホヌ」、初のダブルデイリー化　東京/成田〜ホノルル線できょうから,2023年12月6日
成田空港とサウジアラビアを結ぶ航空便、運航可能に　航空協議で合意,2023年12月6日
"ANA、12月7日〜13日搭乗分「トクたびマイル」設定　東京/羽田〜札幌/千歳3,000マイルなど",2023年12月5日
ソラシドエア、東京/羽田〜熊本・宮崎・長崎・沖縄/那覇線で臨時便を追加　12月と1月に計24便,2023年12月5日
福岡空港国際線の「ラウンジ福岡」、プライオリティ・パスに対応　12月5日から,2023年12月5日
JR西日本、227系「Urara」の運行区間を姫路・新見駅まで拡大　1月20日から,2023年12月5日
キャセイパシフィック航空、香港政府が保有する優先株を全て償還へ,2023年12月5日
吉祥航空、名古屋/中部〜北京/大興線の運航再開　12月22日から週3往復,2023年12月5日
タイ国際航空、バンコク〜イスタンブール線を開設,2023年12月4日
エアプサン、大阪/関西〜釜山線で臨時便　1月〜2月の金・日曜に,2023年12月4日
エアアジアグループ、22周年記念セール第2弾　バンコクへ片道1.4万円台など,2023年12月4日
深セン航空、札幌/千歳〜深セン線を開設　2024年1月18日から週3往復,2023年12月4日
カタール航空、5都市へのフライトを増便　冬の休暇シーズンに合わせて,2023年12月4日
ポーター航空、エンブラエルE195-E2を25機追加発注,2023年12月4日
関西国際空港、新国際線エリア12月5日オープン　1万平米に27店舗、南北の審査場集約,2023年12月4日
エア・ドゥ、東京/羽田〜札幌/千歳線で1月に増便　計2便,2023年12月4日
"JAL、東京/羽田～高松線の「スカイメイト」運賃を片道5,940円に　12月1日から3月30日まで",2023年12月4日
ブリティッシュ・エアウェイズ、38万食以上のクリスマスディナーを提供　芽キャベツ60万個使用,2023年12月4日
エミレーツ航空、ドバイ行きでセール開催　往復総額12万円台から,2023年12月4日
シンガポール航空、日本支社長にシア・ナムクン氏,2023年12月4日
アラスカ航空とハワイアン航空、経営統合へ,2023年12月4日
ヴァージン・アトランティック航空、SAF100％で世界初のフライト実施,2023年12月3日
DHLエクスプレス、香港のグローバルハブの拡張工事を完了,2023年12月3日
JAL、焼酎「森伊蔵」機内販売25周年記念ボトルの機内販売事前予約受付を終了,2023年12月3日
成田空港とUAE間の貨物便、2025年夏スケジュールから運航可能に,2023年12月2日
ウエストジェット航空、ハリファクス発着の大西洋横断路線を再開,2023年12月2日
"ジェットスター、沖縄/那覇発着路線で「スーパースターセール」　片道4,180円から",2023年12月2日
フィンランド・サンタクロース財団公認サンタクロース、フィンエアー機で来日,2023年12月2日
アメリカン航空、リージョナル機約500機に高速インターネット接続を導入,2023年12月2日
ソラシドエア、10億100万円の最終黒字　2023年4月〜9月期,2023年12月2日
関西国際空港、総合免税店「KIX DUTY FREE」を12月5日オープン,2023年12月2日
スターフライヤー、機内ペット同伴サービスを国内線全路線に拡大,2023年12月1日
"エア・ドゥ、43億6,100万円の最終黒字　2023年4月〜9月期",2023年12月1日
ジェットスター・アジア航空、沖縄/那覇〜シンガポール線の運航再開　3年8か月ぶり、日本路線は2路線目,2023年12月1日
ピーチ、客室乗務員70名程度を採用　2024年5月以降入社,2023年12月1日
スターフライヤー、機内ペット同伴サービスを国内線全路線に拡大,2023年12月1日
"エア・ドゥ、43億6,100万円の最終黒字　2023年4月〜9月期",2023年12月1日
ジェットスター・アジア航空、沖縄/那覇〜シンガポール線の運航再開　3年8か月ぶり、日本路線は2路線目,2023年12月1日
ピーチ、客室乗務員70名程度を採用　2024年5月以降入社,2023年12月1日
"ピーチ、国内線で「シークレットセール」　片道3,190円から",2023年12月1日
ターキッシュ・エアラインズ、欧州行きで「クリスマスキャンペーン」　往復5万円から,2023年12月1日
香港の「e-道（eチャネル）」、JGCが登録対象外に,2023年12月1日
JAL、ボーイング767-300ER型機貨物専用機の運航を2024年2月19日開始,2023年12月1日
アシアナ航空、東京/羽田～ソウル/金浦線の5％割引クーポンを配布　就航20周年記念,2023年12月1日
エアカラン、東京/成田〜ヌメア線往復航空券を4万円割引,2023年12月1日
ピーチ、エンジンファンブレードの販売開始　価格は30万円,2023年11月30日
ZIPAIR Tokyo、北米3路線の夏スケジュールの航空券販売開始,2023年11月30日
ANA、「メゾンカカオ」と共同開発のチョコレート　海外発路線で12月から提供,2023年11月30日
羽田〜金浦線就航20周年　日韓4社、当時のCA制服で節目祝う,2023年11月30日
"北九州空港発着深夜早朝便利用、ホテル1泊無料に　先着3,000室限定",2023年11月30日
吉祥航空、名古屋/中部〜南京線の運航再開　12月22日から週4往復,2023年11月30日
吉祥航空、名古屋/中部〜上海/浦東線を増便　2024年1月20日から週11往復,2023年11月30日
ジェットスター・ジャパンの労働組合、予定外勤務に応じず　ストの可能性も,2023年11月29日
エティハド航空、アブダビ〜ニューヨーク/ジョン・F・ケネディ線にエアバスA380型機を投入,2023年11月29日
「JAL ミャクミャクJET」の運航開始　2025年5月ごろまで運航,2023年11月29日
JAL、東京/羽田〜パリ線の5往復を運休　管制新システム導入で,2023年11月29日
ANAマイレージクラブ、ライフソリューションサービスの対象を変更,2023年11月29日
マレーシア航空、「Year End Sale 2023」を開始　往復総額6万円台から,2023年11月29日
トキエア、2024年1月31日就航へ　ダイヤ未確定、航空券は1月販売開始予定,2023年11月29日
"スクート、大阪/関西〜シンガポール線でセール　片道17,500円から",2023年11月29日
スターフライヤー、東京/羽田〜北九州・福岡線で臨時便　12月〜1月に24便,2023年11月29日
エアアジアグループ、全便全席22％オフキャンペーン開催,2023年11月28日
"オリエンタルエアブリッジ、離島5路線でクリスマスタイムセール　片道5,300円から",2023年11月28日
電動垂直離着陸機を開発するEve、チェジュ航空と済州島での事業に向けてコンセプト発表,2023年11月28日
JAL、国際線70周年記念でホノルル往復7.7万円　燃油込み,2023年11月28日
トキエア、就航見通しをあす発表へ,2023年11月28日
"ANA、11月30日〜12月6日搭乗分「トクたびマイル」設定　東京/羽田～函館線4,500マイルなど",2023年11月28日
JAL国際線初便航路をたどる70周年記念チャーターツアーの販売期間延長　成田発ホノルル経由サンフランシスコ行き,2023年11月28日
「JAL ミャクミャクJET」、お披露目　きょう就航,2023年11月28日
"新千歳空港温泉、12月から入館料を改定　大人1,800円から2,600円に",2023年11月28日
エア・ドゥ、12月20日の全便の特典航空券を250ポイントに,2023年11月28日
JAL、有料機内食の販売開始　うなぎ蒲焼御膳とビーフシチュー,2023年11月28日
ANAのふるさと納税、ANAカードマイルプラスが4倍貯まるキャンペーン実施,2023年11月28日
"チェジュ航空、日韓線で48時間限定セール　片道2,500円から",2023年11月27日
バティックエアー・マレーシア、東京/成田〜パラオ線でチャーター便　3月に4往復設定,2023年11月27日
JAL、焼酎「森伊蔵」の機内販売25周年で記念ボトル　抽選販売を実施,2023年11月27日
「JGC修行」事実上の”終了”　JALグローバルクラブ刷新で見えてきた真の狙いとは【コラム】,2023年11月27日
海南航空、重慶〜パリ/シャルル・ド・ゴール線の運航再開　11月28日から週1往復,2023年11月27日
カタール航空、FIFAとの長期パートナーシップを延長,2023年11月27日
アナドルジェット、AJetにブランド変更　ターキッシュ傘下,2023年11月26日
大韓航空、成田空港T1の「KALラウンジ」のプライオリティ・パスの取扱いを終了,2023年11月26日
ニュージーランド航空、ブラックフライデーセール　往復総額11万円台から,2023年11月26日
関西国際空港T1に飲食店4店舗、12月1日オープン,2023年11月25日
アイベックスエアラインズ、特別塗装機「楽天イーグルスジェット」の新デザインを決定,2023年11月25日
"ピーチ、国内線で「BLACK FRIDAY SALE」を開催中　片道2,890円から",2023年11月25日
ITAエアウェイズ、欧州行きでセール開催　運賃最大20％オフ,2023年11月25日
ヴァージン・オーストラリア、ボーイング737-8型機を6機追加発注,2023年11月25日
バティックエアー・マレーシア、沖縄/那覇〜台北/桃園〜クアラルンプール線の航空交通権が失効,2023年11月24日
エアアジアX、大阪/関西〜コタキナバル線の開設を計画　MAVCOMが承認,2023年11月24日
「幸ちゃんラーメン福岡空港店」、ラーメン滑走路内に移転・グランドオープン,2023年11月24日
福島〜台北/桃園線、ビジネス利用で初回6万円キャッシュバック,2023年11月24日
チャイナエアライン、「ブラックフライデー」開催　航空券最大15％オフ,2023年11月24日
関西国際空港と伊丹空港に太陽光発電施設「KIX・ITAMI Sora×Solar」　年間1.2万トンのCO2削減,2023年11月24日
エティハド航空、「ブラックフライデーセール」開催　運賃最大20％オフ,2023年11月24日
ハワイアン航空、「ブラックフライデーセール」開催中　ハワイ往復総額8.5万円台から,2023年11月24日
JAL、ブラックフライデー開催　11月24日から26日まで,2023年11月23日
"ジェットスター・ジャパン、「翔んでジェットスターセール」第3弾　国際線で復路8,310円から",2023年11月23日
LOTポーランド航空、「BLACK WEEK」を開催　航空券最大15％オフ,2023年11月23日
スプリング・ジャパン、国内2路線の航空券販売開始　2024年1月5日〜3月30日搭乗分,2023年11月23日
JAL、「亀タグ」を1種類に変更　JGC入会時をあわせて2種類に,2023年11月23日
HISとベトナム航空、鹿児島県が観光促進に向けて連携協定,2023年11月23日
エミレーツ航空、100％SAFでエアバスA380型機を初飛行,2023年11月23日
成田国際空港T1フードコートにおにぎり専門店「吟しゃり北海道」オープン,2023年11月23日
"ZIPAIR Tokyo、東京/成田〜ホノルル線を片道15,000円に　ブラックフライデーセール開催",2023年11月22日
スカンジナビア航空、エールフランスらの投資契約をNY州連邦破産裁判所が承認,2023年11月22日
ジェットスター・ジャパン、来夏スケジュールの国内12路線の航空券販売開始,2023年11月22日
"JAL、東京/羽田〜北九州線でステップアップマイルキャンペーン　6回以上搭乗で3,500マイル",2023年11月22日
ベトナム航空、札幌/千歳〜ヴァンドン線でチャーター便を運航,2023年11月22日
ANA、冷凍食品を物流センターから宅配業者までコンテナ一貫輸送　ナッシュと共同で,2023年11月22日
"退役の777-200ER「JA703J」、離日前にファンが手洗い　JALのイベントに応募1,400名",2023年11月22日
JAL、エアバスA350−1000型機の就航再延期　来年1月8日までの就航難しく,2023年11月22日
ユナイテッド航空、「ユナイテッドとリユナイテッド2023」キャンペーン開催　抽選で105名に航空券やマイルプレゼント,2023年11月22日
プライオリティ・パス、オーストラリアとニュージーランドの空港飲食店13店舗と提携,2023年11月22日
スイス・インターナショナル・エアラインズ、「SWISSエアレイル」にジュネーブ空港追加,2023年11月22日
ZIPAIR Tokyo、モバイルチェックインを開始　成田発3路線対象,2023年11月21日
JALとヤマトの“クロネコ飛行機”、あす22日初フライト　東京/成田〜大阪/関西を1往復,2023年11月21日
シンガポール航空、ブラックフライデーにセール　東南アジアへ総額5万円台から、最大34％割引,2023年11月21日
"ANA、11月23日〜29日搭乗分「トクたびマイル」設定　東京/羽田〜八丈島線3,000マイルなど",2023年11月21日
エア・ドゥ、初日の出フライトを実施　富士山周遊と羽田発千歳行き,2023年11月21日
カタール航空、ブラックフライデーセール開催　欧州へ13万円台から,2023年11月21日
SMBCアビエーション・キャピタル、エアバスA320neoファミリーを60機発注,2023年11月21日
ヴァージン・オーストラリア、ブリスベン・メルボルン〜エアーズロック線を開設,2023年11月21日
大韓航空、成田ベースの客室乗務員採用実施　4年ぶり,2023年11月21日
マレーシア航空、「アーリーバード・スペシャル4」を再開　往復5.3万円台から,2023年11月21日
エミレーツ航空、搭乗券提示で特典が受けられる「マイ・エミレーツ・パス」を提供,2023年11月21日
ハワイアン航空、マイルをトロリーバス乗車券に交換開始,2023年11月21日
エバー航空、ボーイング787-10型機の機内をAR体験,2023年11月21日
JALとヤマト協業の“クロネコ貨物機”、初飛行延期　新たな日程未定,2023年11月20日
"JAL、ホテルオークラやグランドニッコーのスイートルーム特典　59,000マイルから",2023年11月20日
JAL、台北行き特別運賃の販売延長　2024年3月31日まで,2023年11月20日
クロネコ貨物機、来年4月11日デビュー　JALとヤマトが協業,2023年11月20日
エア・ドゥ、過去最大サイズのベア・ドゥを限定販売　機内販売新商品も,2023年11月20日
ZIPAIR Tokyo、社員採用実施　120名程度,2023年11月20日
タイガーエア・台湾、東京/成田〜高雄線を再開　2024年1月1日から週9往復,2023年11月20日
JAL、ビックカメラの購入でマイル2倍　ビックポイント交換でレートアップも,2023年11月19日
秋田県内の鉄道が1日乗り放題の「あきたホリデーパス」発売,2023年11月19日
"香港エクスプレス航空、九州3路線で「ペア割」　往復7,600円",2023年11月19日
天草エアライン、「サンタこす割」実施　サンタのコスプレでの搭乗が条件,2023年11月19日
エア・タヒチ・ヌイ、就航25周年記念セール開催　タヒチ往復総額10万円台から,2023年11月19日
ジェットスター・ジャパン、au PAY利用で最大10%還元　11月30日まで,2023年11月18日
マレーシア航空、ボーイング737-8型機を初受領,2023年11月18日
JALグループ、「初日の出 初富士フライト」実施　抽選販売開始,2023年11月18日
国土交通省、スイスポートジャパンを指導へ,2023年11月18日
エティハド航空、アブダビ国際空港ターミナルAに新ラウンジ,2023年11月18日
"JAL、2月搭乗分の国内線でタイムセール　羽田〜伊丹線が片道6,600円からなど",2023年11月17日
"AirXとマイクロジェット、神戸発着のプライベートジェット遊覧　12月22日〜24日、1組398,000円から",2023年11月17日
福岡空港、国際線ターミナルビル北側コンコース延伸エリアの全面供用を12月1日開始,2023年11月17日
フジドリームエアラインズ、下地島〜久米島線でチャーター便　2月に6往復,2023年11月17日
アラスカ航空、特典チャートを地域別に変更　来年3月から,2023年11月17日
"ジェットスター・ジャパン、「翔んでジェットスターセール」第2弾　国内線が片道3,100円から",2023年11月17日
AirJapan、ハラール認証取得のシンガポール製カップ麺「Freedom Ramen」を提供,2023年11月17日
マレーシア航空、機内サービスを全面再開,2023年11月17日
JAL、水素航空機のスタートアップ企業3社と協業,2023年11月17日
ボーイング787型機、南極の氷上滑走路に初着陸　ノースアトランティック航空が運航,2023年11月17日
ターキッシュ・エアラインズ、イスタンブール〜デトロイト線を開設,2023年11月17日
エミレーツ航空、エアバスA350-900型機を15機追加発注,2023年11月16日
アシアナ航空、仙台〜ソウル/仁川線を増便　2024年1月1日から1日1往復,2023年11月16日
JAL、「JAL国際線初便航路をたどる70周年記念チャーターフライト」利用ツアーの販売開始　成田発ホノルル経由サンフランシスコ行き,2023年11月16日
ロイヤル・ヨルダン航空、ボーイング787-9型機を4機追加発注,2023年11月16日
ウエストジェット航空、東京/成田〜カルガリー線をデイリー化　来夏運航再開,2023年11月16日
羽田空港で「Aloha Market powered by Mana-Up」を開催中　ハワイを代表する食品・雑貨などを販売,2023年11月16日
アブダビ国際空港、「ザイード国際空港」に名称変更　大統領が指示,2023年11月16日
"タイガーエア、日本発着台北行きが8,900円から　セール開催中",2023年11月16日
"ANAの成田〜ホノルル線航空券購入でピーチポイント6,000円分プレゼント　ホノルル往復燃油込76,000円のタイムセールも",2023年11月16日
アシアナ航空、楽天ペイ決済に対応,2023年11月16日
JAL、新作ボジョレー・ヌーヴォーを解禁日に提供　国際線機内とラウンジで,2023年11月15日
エチオピア航空、エアバスA350-900型機を11機追加導入へ　覚書締結,2023年11月15日
カタール航空、インテル・ミラノと公式グローバルエアラインパートナー契約,2023年11月15日
SCAT航空、ボーイング737-8型機を7機追加発注,2023年11月15日
オマーン航空、ボーイング737-800BCFを初受領,2023年11月15日
ANA、1月〜3月搭乗分で「国内線タイムセール」実施　あすから,2023年11月15日
"エアージャパン、成田〜ソウル/仁川線開設　2024年2月22日から週5往復、片道8,000円から",2023年11月15日
快速「エアポート」、日中毎時6本に増発　「区間快速」新設,2023年11月15日
ノースアトランティック航空、航空2社が少数株の取得に関心,2023年11月15日
シンガポール航空とフィリピン航空、コードシェアに合意,2023年11月15日
"ジェットスター航空、日本〜オーストラリア線でセール　片道19,999円から",2023年11月15日
エア・カナダ、アジア路線の輸送力強化　冬の日本路線は前年比ほぼ倍増,2023年11月15日
リヤド・エア、2つ目の機体塗装をお披露目,2023年11月15日
アムステルダム・スキポール空港、発着便数の縮小取りやめ,2023年11月15日
エミレーツ航空、サフランと総額12億米ドル以上の契約締結,2023年11月15日
ジェットスター航空、大阪/関西〜シドニー線を開設　2024年4月1日から週3往復,2023年11月15日
エチオピア航空、ボーイング機を最大67機発注,2023年11月14日
"ANA、11月16日〜22日搭乗分「トクたびマイル」設定　東京/羽田～福岡線4,500マイルなど",2023年11月14日
エジプト航空、エアバスA350-900型機を10機発注,2023年11月14日
エア・バルティック、エアバスA220-300型機を30機追加発注,2023年11月14日
JALグローバルクラブ、来年1月に刷新　新たな生涯実績プログラム「JAL Life Status プログラム」を開始,2023年11月14日
ANA、「初日の出フライト」を実施　羽田・成田発着で,2023年11月14日
エジプト航空、ボーイング737-8型機18機をリース導入　ALCと契約,2023年11月14日
サンエクスプレス、ボーイング737MAXを最大90機導入,2023年11月14日
羽田空港に2メートルのゴジラモニュメントが登場　「ゴジラ-1.0」とのコラボイベント開催,2023年11月14日
ロイヤル・エア・モロッコ、ボーイング787-9型機を2機発注,2023年11月14日
ドバイエアショー開幕、エミレーツ航空のエアバスA380型機が低空飛行,2023年11月14日
エミレーツ航空、ボーイング777Xを90機追加発注　787も発注変更,2023年11月13日
エミレーツ航空、航空機の内装材をアップサイクル　スーツケースやバッグなど製作,2023年11月13日
"スカイマーク、33億1,800万円の最終黒字　2024年3月期中間決算",2023年11月13日
"スプリング・ジャパン、「成田＝上海線 復便記念セール」　片道1,500円から",2023年11月13日
スプリング・ジャパン、東京/成田〜上海/浦東線の運航再開　12月8日から1日往復,2023年11月13日
キャセイパシフィック航空、年末年始のアジア・欧州線で特別運賃　欧州往復総額13万円台から,2023年11月13日
JALの777-200ER、20年の活躍に終止符　ラスト1機「JA703J」が運航終了,2023年11月12日
ピーチ、夏スケジュールの国内・国際線14路線の航空券販売開始,2023年11月12日
スターフライヤー、「SEVENTEEN ‘FOLLOW’ THE CITY JET」の運航開始,2023年11月12日
トキエア、保有機材の耐空検査を完了,2023年11月12日
JALの777-200ER「JA703J」、羽田から最後の出発　きょう定期運航終了,2023年11月12日
エア・カナダ、機内エンタメに「ディズニープラス」を追加,2023年11月12日
"富士山静岡空港乗合タクシーが値上げ　浜松市内まで2,600円に",2023年11月12日
ITAエアウェイズ、エアバスA321neoを初受領,2023年11月12日
"中国国際航空、「ダブルイレブン」大セール開催　中国往復9,600円など",2023年11月11日
チャイナエアライン、高松〜台北/桃園線を増便　段階的にデイリー化,2023年11月11日
カタール航空、2日間限定タイムセール開催　欧州へ13万円台から,2023年11月11日
JAL、リブレット形状を737−800に大面積施工　燃費改善効果を検証,2023年11月11日
エンブラエル195−E2、ロンドン・シティ空港への乗り入れ可能に,2023年11月11日
アメリカン航空、東京/羽田〜ニューヨーク/ジョン・F・ケネディ線の開設を申請,2023年11月11日
春秋航空、名古屋/中部〜大連線を開設　11月20日から週3往復,2023年11月10日
ティーウェイ航空、佐賀〜ソウル/仁川線を期間増便　2024年1月4日から3月2日は1日1往復,2023年11月10日
"ピーチ、国内・国際37路線で「冬のイイ旅セール」　片道1,111円から",2023年11月10日
"ピーチ、国内・国際37路線で「冬のイイ旅セール」　片道1,111円から",2023年11月10日
ユナイテッド航空、東京/羽田〜ヒューストン線の開設を申請,2023年11月10日
"ANA、福島へ「”来て”らっしゃい！」キャンペーンを11月27日から開催　ANA便利用で1,500円分クーポンを配布",2023年11月10日
ルフトハンザ・ドイツ航空、機内Wi-Fiでのメッセージ送受信無料化,2023年11月10日
スイス・インターナショナル・エアラインズ、飛行中の機内でCAが時計組み立て,2023年11月9日
大韓航空、成田空港T1の「KALラウンジ」でのプライオリティ・パス利用を大韓航空便搭乗者に限定,2023年11月9日
ジェットスター航空、ボーイング787-8型機の内装刷新　インドやアフリカ路線開設も,2023年11月9日
エティハド航空、アブダビ〜ナイロビ線を開設　2024年5月1日から1日1往復,2023年11月9日
"ジェットスター・ジャパン、「翔んで埼玉」とコラボ　九州路線の往復購入で復路3,100円",2023年11月9日
フィンエアー、2024年冬期の運航計画更新,2023年11月9日
大韓航空、青森〜ソウル/仁川線の運航再開　2024年1月20日から週3往復,2023年11月9日
大韓航空、小松〜ソウル/仁川線の運航再開　12月28日から週3往復,2023年11月9日
マカオ航空、大阪/関西〜マカオ線を増便　2024年1月30日から1日1往復,2023年11月9日
上海航空、名古屋/中部〜上海/浦東線の運航再開　12月1日から1日1往復,2023年11月9日
ANA、久米島でドローン配送の実証実験　飛行最適化や人件費削減など検証,2023年11月9日
福岡空港の制限エリアを巡るオープントップバスツアー、12月〜2月に設定,2023年11月9日
大韓航空、新潟〜ソウル/仁川線の運航再開　韓国向け貨物も搭載,2023年11月9日
韓国観光公社とセントレア、名鉄が訪韓促進でキャンペーン,2023年11月9日
マレーシア航空、機内Wi-Fiを無料化,2023年11月9日
アップルワールド、「トラベリスト」で海外航空券予約サービスを本格開始,2023年11月9日
"チェジュ航空、日韓線で5日間タイムセール　片道1,500円から",2023年11月8日
グローバル・エアラインズ、エアバスA380型機をJETMSで改修　ファーストクラスのイメージ公開,2023年11月8日
フジドリームエアラインズ、小牧空港でファンミーティング開催　富士山遊覧飛行も,2023年11月8日
セブパシフィック航空、日本〜フィリピン線でセール　片道100円,2023年11月8日
マカオ航空、東京/成田〜マカオ線を増便　2024年1月30日から1日1往復,2023年11月8日
ZIPAIR Tokyo、東京/成田〜バンクーバー線を2024年3月上旬にも開設へ,2023年11月8日
アシアナ航空、仙台〜ソウル/仁川線を増便　12月12日から週6往復,2023年11月8日
"ジェットスター・ジャパン、東京/成田〜上海/浦東線でセール　片道12,999円から",2023年11月8日
エア・カナダ、大阪/関西〜バンクーバー線の運航再開前倒し　5月1日から,2023年11月8日
「ホヌねぶた」作った高校生、ANAとコラボで新作製作中　今年のモデルはあのジャンボ機,2023年11月8日
ジェットスター・ジャパン、東京/成田〜上海/浦東線の運航再開　12月18日から週4往復,2023年11月8日
中国東方航空、東京/羽田〜北京/大興線を開設　12月1日から1日1往復,2023年11月8日
ANA Xとサイバーエージェント、デジタル広告配信サービス「ANA Moment Ads」をリリース,2023年11月8日
エバー航空、エアバス機33機を発注へ　A350-1000とA321neo,2023年11月8日
"ANA、11月9日〜15日搭乗分「トクたびマイル」設定　羽田〜千歳線4,500マイルなど",2023年11月7日
エア・タヒチ・ヌイ、東京/成田〜パペーテ線を期間運休　2024年5月8日〜10月26日,2023年11月7日
"スプリング・ジャパン、「国際線爆買いセール」　片道3,000円から",2023年11月7日
中国国際航空、名古屋/中部〜上海/浦東線の運航再開延期　12月22日から1日1往復,2023年11月7日
鈴与ホールディングス、スカイマークの筆頭株主に,2023年11月7日
ANAグループ、米モハーヴェ空港を訪れるLAツアーを抽選販売,2023年11月7日
"ソラシドエア、割引運賃「ソラシドスペシャル」を販売　片道4,300円から",2023年11月7日
フィンエアー、名古屋/中部〜ヘルシンキ線の運航再開　2024年5月30日から週2往復,2023年11月7日
ニュージーランド航空、P＆Wエンジン点検で2路線運休,2023年11月7日
JAL、「JALマイレージバンクアプリ」をリリース　「JAL Pay」はApple Payにも対応,2023年11月7日
エミレーツ航空、ベルリン乗り入れに向け議論　航空協定で就航できず,2023年11月7日
ソラシドエア、東京/羽田〜熊本・宮崎・長崎・沖縄/那覇線で臨時便を追加　11月〜1月に計20便,2023年11月7日
羽田空港P3駐車場、床面工事で駐車スペース縮小,2023年11月7日
「ハイアット・プレイス・クアラルンプール・ブキットジャリル」開業、KLに同ブランド初進出,2023年11月7日
キャセイパシフィック航空、大阪/関西〜台北/桃園線の特別運賃販売延長　往復総額5.1万円台から,2023年11月6日
エティハド航空、欧州行きでクリスマスセール　総額11万円台から,2023年11月6日
アメリカ運輸省、羽田発着枠の再割り当てに着手　ユナイテッド航空の羽田〜グアム線申請は却下,2023年11月6日
JAL、ボーイング767型機貨物専用機を来年2月運航開始へ,2023年11月6日
"JAL、1月搭乗分の国内線でタイムセール　羽田〜伊丹線が片道6,600円からなど",2023年11月6日
ハワイアン航空、機内アメニティをハワイのブランド「Noho Home」とのコラボデザインに刷新,2023年11月6日
グランドニッコー東京 台場、JALベルスターの演奏会を12月23日・24日に実施　観覧無料,2023年11月6日
大韓航空、東京/成田～ホノルル線の運航再開　2024年4月26日から1日1往復,2023年11月6日
ANA、岩国線利用者に100万マイルを山分け　2024年2月29日まで,2023年11月6日
JALとヤマトの貨物専用機、初号機が成田到着　尾翼にクロネコ、11月下旬から飛行訓練,2023年11月6日
JAL、東京/成田〜台北/桃園線の期間増便継続　2024年3月30日まで,2023年11月6日
ANAトラベラーズ、DP利用でツアーマイル5倍　火〜木曜出発限定,2023年11月6日
JAL、東京/成田〜香港線の期間増便継続　3月30日まで1日1往復,2023年11月5日
「博多だるま DEPARTURE」、福岡空港内に11月1日開業,2023年11月5日
カンタス航空、パース〜パリ/シャルル・ド・ゴール線を開設　2024年7月12日から週4往復,2023年11月5日
スターフライヤー、特別デザイン機「進撃の巨人 スペシャルジェット」をお披露目,2023年11月4日
"ニュージーランド航空、オークランド行き片道航空券でセール　総額73,000円から",2023年11月4日
エア・サマルカンド、年内にも運航開始　エアバスA330-300型機を初受領,2023年11月4日
エールフランス航空、欧州行きでセール　総額14万円台から,2023年11月4日
KLMオランダ航空、ロイヤル・コンセルトヘボウ管弦楽団の来日ツアーをサポート　11月8日には東京タワーで無料コンサート,2023年11月4日
ブリティッシュ・エアウェイズ、欧州行きでセール　往復燃油込13.7万円から,2023年11月4日
エティハド航空とスカンジナビア航空、コードシェアに合意,2023年11月4日
カンタス航空、ACCCに抗弁書　欠航便の航空券を最長47日間販売で,2023年11月3日
エティハド航空、ボーイング787-10型機を約3年ぶりに受領,2023年11月3日
ノースアトランティック航空、オスロ〜バンコク線を開設,2023年11月3日
ニューギニア航空、エアバスA220-100型機を6機確定発注,2023年11月3日
フィンエアー、100周年記念オファー　欧州往復総額14.6万円から,2023年11月3日
スターフライヤー、「SEVENTEEN ‘FOLLOW’ THE CITY JET」を就航,2023年11月3日
"JAL、国際線70周年でディスカウントマイル　アメリカへビジネス片道35,000マイル",2023年11月3日
"ジェットスター・ジャパン、国内12路線で「スーパースターセール」　成田〜熊本線は往復購入で復路1,000円",2023年11月2日
旅のサブスク「HafH」、JAL便利用時のイレギュラー対応強化,2023年11月2日
JAL、ラウンジのコーヒー粉を再利用したクラフトジン「Re FLY」の販売開始,2023年11月2日
デルタ航空、東京/羽田〜ホノルル線の運航開始,2023年11月2日
ANA、ホノルル発便で受託手荷物を搭載できない可能性　搬送ベルト改修工事,2023年11月2日
ロシア・カムチャツカ半島の火山噴火、米東海岸発一部便で2時間程度の遅れ,2023年11月2日
JAL、「どこかにマイル」に札幌2空港発着路線を追加,2023年11月2日
ティーウェイ航空、福岡〜清州線を開設　11月26日から1日1往復,2023年11月2日
マカオ航空、東京/成田〜マカオ線を増便　12月15日から週6往復,2023年11月2日
タイ国際航空、バンコク〜イスタンブール線を開設　12月1日から1日1往復,2023年11月2日
ソラシドエア、「初日の出 初詣フライト」を実施,2023年11月2日
"ANA、岡山線往復利用でレンタカー燃油代を最大3,000円割引　12月22日まで",2023年11月2日
ジェットスター航空、東京/成田〜ブリスベン線を開設,2023年11月2日
大韓航空、エアバスA321neoを20機追加発注,2023年11月2日
ユナイテッド航空、アメリカビールが楽しめるイベント開催　最大3缶付きで800マイル,2023年11月2日
"AirX、成田国際空港と東京ヘリポートを結ぶヘリ路線を座席単位で販売　片道29,850円",2023年11月2日
フィンエアープラス、クラシック特典に最低設定数　ビジネスクラス2席以上,2023年11月2日
"ベトジェットエア、日本路線などでセール　片道総額13,990円から",2023年11月1日
キャピタルAインターナショナル、ナスダックに上場へ,2023年11月1日
ルフトハンザグループ、LSGグループ事業の売却完了,2023年11月1日
重症患者を運ぶ「ドクタージェット」、試験運用に向けクラファン　1億円目指す,2023年11月1日
"ZIPAIR Tokyo、アジア路線の航空券購入でポイントバック　片道最大3,000ポイント",2023年11月1日
アシアナ航空、東京/羽田〜ソウル/仁川線の運航再開　2024年1月1日から1日1往復,2023年11月1日
エア・ドゥ、パイロットの自社養成プログラムを開始,2023年11月1日
ベトナム航空、ホーチミン〜パース線開設　12月7日から週3往復,2023年11月1日
エア・ドゥ、就航25周年で特別フライトとセレモニー実施　AIRDOポイント150％追加付与も,2023年11月1日
JAL、「JAL国際線初便航路をたどる70周年記念チャーターフライト」を実施　成田発ホノルル経由サンフランシスコ行き,2023年11月1日
エティハド航空、アブダビ国際空港ターミナルAから商業運航を開始,2023年11月1日
JAL、国際線機内Wi-Fiを期間限定で無料化,2023年11月1日
JAL、国際線就航70周年でタイムセール　欧米へ燃油込み14万円台など,2023年11月1日
"ピーチ、国内・国際線で「シークレットセール」　2,990円から",2023年11月1日
"ピーチ、国内・国際線で「シークレットセール」　2,990円から",2023年11月1日
JAL、Pontaからのマイル交換でレートアップ　通常より20％増、12月末まで,2023年11月1日
「ANA Pay」、コード決済に対応　11月7日から,2023年11月1日
ANA、アプリをリニューアル　おすすめ機能追加など,2023年11月1日
南紀白浜空港、旅客取扱施設使用料を導入,2023年11月1日
ハワイアン航空、「Holoholo Challenge」を開催　カウアイ島を巡るバーチャルフィットネスチャレンジ,2023年11月1日
"キャセイパシフィック航空、ビジネスクラスの航空券を最大8％割引　5,000マイルも",2023年11月1日
中国国際航空、札幌/千歳〜北京/首都線を増便　11月29日から週4往復,2023年11月1日
JAL、エアバスA350−1000型機の就航日を11月上旬にも発表へ,2023年10月31日
後閑信吾氏、JALのカクテルアドバイザーに就任　国際線ファースト・ビジネスで監修カクテル提供,2023年10月31日
JAL、純利益616億円　2024年3月期中間決算,2023年10月31日
"ANAホールディングス、営業利益1,297億円　24年3月期中間決算",2023年10月31日
"ANA、11月2日〜8日搭乗分「トクたびマイル」設定　東京/羽田〜大阪/伊丹線3,000マイルなど",2023年10月31日
"ANA、P&Wエンジン点検で減便　22路線2,412便",2023年10月31日
ハワイアン航空、東京/羽田〜コナ線の運航再開,2023年10月31日
"スクート、東南アジア路線でセール　片道17,000円から",2023年10月31日
「JAL Sweets Box×GIN NO MORIオリジナルクッキー缶『プティボワ』」、予約受付開始,2023年10月31日
ブリティッシュ・エアウェイズ、ロンドン/ガトウィック〜アクラ線を開設,2023年10月31日
中国国際航空、沖縄/那覇〜北京/首都線の運航再開　12月2日から週2往復,2023年10月31日
JAL最後の777-200ER、退役カウントダウン　国内線投入の777-300ERと羽田で並ぶ,2023年10月30日
スターフライヤー、北九州〜台北/桃園線でチャーター便　2月に4往復,2023年10月30日
香港エクスプレス航空、「10周年記念セール」第3弾を開催　沖縄/那覇～香港線が片道200円からなど,2023年10月30日
JAL、東京/成田〜ジャカルタ線で「サーフボードお預かり無料キャンペーン」実施,2023年10月30日
"富山空港、利用者にANA旅行券最大4,000円分をプレゼント",2023年10月30日
マレーシア航空、東京/羽田〜クアラルンプール線の航空交通権が失効,2023年10月29日
バティックエアー・マレーシア、札幌/千歳〜高雄〜クアラルンプール線の開設を計画　MAVCOMが承認,2023年10月29日
HAC、札幌/丘珠〜根室中標津・秋田線を開設　18年ぶり国内新地点就航,2023年10月29日
"ZIPAIR Tokyo、北米3路線で特別運賃　片道32,800円から",2023年10月29日
ガルフ・エア、中国進出　上海と広州の2路線,2023年10月29日
"ANA、「ANAにキュン！」で航空券セール開始　年末年始対象、羽田〜千歳線が片道9,800円からなど",2023年10月29日
JALとジャルパック、ライブコマース「JALPAK LIVE」を開始　初回は11月2日,2023年10月29日
丘珠空港にHACのATR42-600型機全4機が並ぶ　きょう2路線開設,2023年10月29日
バンブー・エアウェイズ、東京/成田〜ハノイ線を運休　長距離路線を大幅削減,2023年10月28日
香港エクスプレス航空、「10周年記念セール」を開催　福岡～香港線が片道200円からなど,2023年10月28日
JAL最後の777-200ER、中部からラストフライト,2023年10月28日
HACとANA、札幌〜根室中標津線を共同でPR　1日最大5往復化で便利に,2023年10月28日
"タイ国際航空、バンコク往復総額77,270円からの特別運賃　10月末まで販売",2023年10月28日
"ANA、国内線特典航空券で減額マイルキャンペーン　3,900マイルから、「ANAにキュン！」企画",2023年10月28日
羽田2タミ国際線の蔦屋書店、10月29日再オープン　スタバ併設,2023年10月28日
シンガポール航空、シンガポール〜ダナン線を増便　段階的に1日2往復に,2023年10月28日
ANA、「スターウォーズ」特別塗装機2機の運航継続,2023年10月28日
JAL、ボーイング777-200ER型機の定期便最終飛来イベントを中部国際空港で実施,2023年10月28日
中国国際航空、福岡〜大連〜北京/首都線の増便前倒し　12月5日から週5往復,2023年10月28日
中国国際航空、福岡〜上海/浦東線の増便前倒し　12月4日から週5往復,2023年10月28日
日本・パプアニューギニア間の航空便、パラオの寄港が可能に,2023年10月27日
トキエア、耐空検査への対応を優先　就航日は現時点で未定,2023年10月27日
ターキッシュ・エアラインズ、関空線投入の787-9ビジネス座席を展示【ツーリズムEXPO2023】,2023年10月27日
"ピーチ、九州路線で「オクトーバーSPECIAL WEEK5」開催　片道2,790円から",2023年10月27日
ANA、「フライングホヌ」で行くハワイなど紹介【ツーリズムEXPO2023】,2023年10月27日
ブリティッシュ・エアウェイズ、ロンドン・ヒースロー空港T5Bのクラブラウンジをリニューアル,2023年10月27日
深セン航空、大阪/関西〜南京線を開設　12月23日から1日1往復,2023年10月27日
アブダビ国際空港ターミナルA、11月1日に供用開始,2023年10月27日
スターフライヤー、東京/羽田〜北九州・福岡線で臨時便　11月に10便,2023年10月27日
JAL、国際線前方座席優先指定サービスの申込期限を前倒し,2023年10月27日
サウスウエスト航空、ボーイング737-7型機を108機追加発注,2023年10月27日
スカイウエスト航空、エンブラエル175型機を19機発注　ユナイテッド航空向け,2023年10月27日
タイ国際航空、女性客室乗務員の制服刷新,2023年10月27日
中国国際航空、東京/成田〜上海/浦東線の増便延期　12月21日から1日4往復,2023年10月27日
"ジェットスター・ジャパン、「スーパースターセール」開催　往復予約で1,990円から",2023年10月26日
エルアル・イスラエル航空、テルアビブ発東京/成田行きを追加運航　10月30日発,2023年10月26日
ZIPAIR Tokyo、優先チェックインと受託手荷物返却サービス「ZIPAIR Express Service」の販売開始,2023年10月26日
スターラックス航空、日本路線の航空券5％オフ,2023年10月26日
成都航空、茨城〜福州線で連続チャーター運休　わずか2往復で,2023年10月26日
一蘭、福岡空港店を10月29日に営業終了,2023年10月25日
JAL、廃棄の航空路図で封筒と栞　パイロットと障がいある社員が製作,2023年10月25日
ルフトハンザグループ、シティエアラインズのパイロットと客室乗務員の募集開始,2023年10月25日
ANA、燃油サーチャージを引き上げ　12月以降発券分,2023年10月25日
ターキッシュ・エアラインズ、787-9と737-8を計28機リース　エアキャップから,2023年10月25日
JAL、無印良品の「ごはんにかける」シリーズを機内食に　11月から欧米豪路線で,2023年10月25日
JALのエアバスA350-1000型機、仏トゥールーズで初飛行　年内就航へ,2023年10月25日
ANAグループ、DHC-8-Q400型機の就航20周年で記念イベント,2023年10月25日
JAL、国際線ビジネスクラスの「エクスプレスミール」を11月刷新　第2弾は「よろにく和牛すき焼き御膳」,2023年10月25日
トキエア、保有機材の耐空検査実施　初号機は鹿児島へ,2023年10月25日
エルアル・イスラエル航空、東京/成田〜テルアビブ線の運休決定　最終運航は10月26日,2023年10月25日
"チェジュ航空、「秋の航空券セール祭り2023」開催　片道1,500円から",2023年10月25日
シンガポール航空、シンガポール〜ヤンゴン線を増便　2024年8月2日から週10往復,2023年10月25日
"ANA、10月26日〜11月1日搭乗分「トクたびマイル」設定　東京/成田〜名古屋/中部線3,000マイルなど",2023年10月24日
エルアル・イスラエル航空、東京/成田〜テルアビブ線を運休へ,2023年10月24日
JAL、オリジナルフライトシミュレーター体験プラン「Experience JAL Flight」の販売開始,2023年10月24日
エア・ドゥ、東京/羽田〜札幌/千歳線を増便　11月に4便,2023年10月24日
フィンエアー、エンブラエル機の客室刷新,2023年10月24日
"ANA、年末年始搭乗分でタイムセール　羽田〜伊丹・富山線が8,000円からなど",2023年10月24日
"JAL、777-200ER型機の退役フェリーフライトに搭乗するツアー　3日間529,000円から",2023年10月24日
エミレーツ航空とバティックエアー・マレーシア、コードシェア実施,2023年10月24日
エーゲ航空、制服を刷新　Zeus+Δioneとコラボ,2023年10月24日
シンガポール航空、6日間限定でセール　東南アジア往復総額4.9万円台など,2023年10月24日
アラスカ航空機、非番のパイロットが飛行中にエンジン停止試みる,2023年10月24日
カタール航空、アクバル・アル・ベイカーCEOが退任,2023年10月24日
HAC、札幌/丘珠〜根室中標津・秋田線開設で記念イベント　撮影会や式典など,2023年10月23日
ANA、「ANA Future Promise Prop」就航　3機目の緑塗装機,2023年10月23日
中部国際空港、「FLIGHT OF DREAMS」のボーイングストアを閉店,2023年10月23日
JAL、札幌/丘珠発根室中標津行きの搭乗者に根室中標津空港の御翔印プレゼント　就航から2週間限定,2023年10月23日
厦門航空、北京/大興〜ドーハ線を開設　10月20日から1日1往復,2023年10月23日
"JAL、札幌/丘珠～根室中標津・秋田線を7日前でも7,700円から販売中　新規就航記念で",2023年10月23日
"JAL、吉田正尚選手の「お子様向け野球レッスン」を実施　親子30,000マイルで特典交換",2023年10月23日
デルタ航空、スカイマイルの特典アップデートの一部を修正,2023年10月23日
エミレーツ航空、客室乗務員2万人にアップル製端末を配布　顧客サービス強化へ,2023年10月22日
ヴァージン・アトランティック航空、ロンドン/ヒースロー〜ドバイ線を開設　10月28日から週4往復,2023年10月22日
アラスカ航空、アンカレッジ〜ニューヨーク/JFK・サンディエゴ線を開設,2023年10月22日
ベトジェットエア、オーストラリアや韓国などへ5路線を開設,2023年10月22日
スカイマーク、「ピカチュウジェットBC」で神戸発着富士山遊覧チャーター,2023年10月22日
渋谷キャットストリート発のファッションブランド「COTÉ MER」、成田国際空港T2にオープン,2023年10月22日
エアアジアX、東京/成田〜台北/桃園〜クアラルンプール線の開設を計画　MAVCOMが承認,2023年10月21日
ANA「鬼滅の刃じぇっと」初号機、1年9か月の運航終える　2号機以降は運航継続,2023年10月21日
マレーシア航空、「アーリーバード・スペシャル4」開催　往復6.4万円台から,2023年10月21日
ジンエアー、東京/成田〜釜山線を開設　10月29日から1日1往復,2023年10月21日
ブリティッシュ・エアウェイズ、ロンドン/ヒースロー〜アブダビ線開設　来年4月20日から1日1往復,2023年10月21日
ユナイテッド航空、サイパン行きで特別運賃　往復総額5.5万円台,2023年10月21日
"JAL、東北路線の「スカイメイト」が割安に　片道4,000円台から",2023年10月21日
ANA、エアバスA380型機「フライングホヌ」初便がホノルルを出発,2023年10月21日
JAL、ボーイング777-200ER型機のラスト3日間の運航計画発表,2023年10月21日
エミレーツ航空、機内食の事前予約サービスを92路線に拡大,2023年10月21日
ANAの「フライングホヌ」3号機初便、ホノルルに到着,2023年10月21日
ANA、オレンジ色の「FLYING HONU」3号機デビュー　受領から空白の2年経て,2023年10月20日
春秋航空、高松〜上海/浦東線の運航計画変更　年内運休,2023年10月20日
アラスカ航空、アメリカン航空にエアバスA321neoを売却,2023年10月20日
インテグラル、スカイマーク株の一部をエアトリに譲渡,2023年10月20日
イベリア航空、エアバスA320neoに新型荷物棚「L Bin」　2025年から設置,2023年10月20日
キャセイパシフィック航空、香港〜ロンドン/ヒースロー線へのファーストクラス設定拡大,2023年10月20日
ANA、焼酎「村尾」の販売再開　国際線プリオーダーで,2023年10月20日
"ピーチ、国内・国際線で「オクトーバーSPECIAL WEEK4」開催　片道2,890円から",2023年10月20日
エミレーツ航空、欧州行きなどでセール　A380ファーストクラスも往復64万円台から,2023年10月20日
チェジュ航空、日韓路線拡大　札幌/千歳・大阪/関西〜務安線など,2023年10月20日
アメリカン航空、エンブラエル175型機を4機発注　エンヴォイ・エア向け,2023年10月20日
ホヌのマスコットキーホルダー、3号機のラーも登場　10月20日発売,2023年10月19日
ANAフライングホヌ3号機、グランドスタッフら有志が客室清掃　あすデビューへ準備着々,2023年10月19日
JAL、ボーイング777-200ER型機のフェリーフライトに搭乗できるツアー　羽田発LA行き,2023年10月19日
"JAL、燃油サーチャージ引き上げ　12月以降発券分、欧米往復94,000円",2023年10月19日
JALのエアバスA350-1000型機初号機、仏トゥールーズでロールアウト　年内就航へ,2023年10月19日
JAL最後のボーイング777-200ER型機、羽田空港で見学ツアー　3日間開催,2023年10月19日
香港航空、米子〜香港線の運航再開　12月18日から週4往復,2023年10月19日
中国国際航空、仙台〜上海/浦東線の運航再開を延期　12月23日から週2往復,2023年10月19日
「ANA Pay」、Apple PayでのiD決済で500万マイルを山分け,2023年10月19日
香港航空、函館〜香港線を開設　12月18日から週4往復,2023年10月19日
カンタス航空、アライアンス・アビエーション・サービスの買収計画を撤回,2023年10月19日
台湾政府、テルアビブから緊急特別出国便　日本人の利用可,2023年10月19日
ハワイアン航空、ユナイテッド航空の羽田発着枠割当申請に反論,2023年10月18日
新千歳空港にビジネスジェット専用施設、12月8日オープン,2023年10月18日
"ジェットスター・ジャパン、国内線で「スーパースターセール」　往復予約で復路2,990円から",2023年10月18日
エールフランス航空、パリ・オルリー空港から撤退へ,2023年10月18日
ANA、羽生結弦さんの直筆サイン入り「そらっち」ぬいぐるみを抽選で進呈,2023年10月18日
"JALラウンジのカレー皿、一般販売開始　価格は6,900円",2023年10月18日
エア・ドゥ、全路線全便の特典航空券を777ポイントに　11月1日〜12月19日搭乗分,2023年10月17日
シンガポール航空、航空券17万枚以上を割引販売,2023年10月17日
"ANA、10月19日〜25日搭乗分「トクたびマイル」設定　東京/羽田～能登線3,000マイルなど",2023年10月17日
スカイマーク、「茨城名物 そら飛ぶほしいも スカイも」の販売再開,2023年10月17日
エアアジア、「ビッグセール」開催　日本発着は総額1.4万円台から,2023年10月17日
ホンダ エアクラフト カンパニー、新型小型ビジネスジェット機の名称を「HondaJet Echelon」に決定,2023年10月17日
JAL、マイル会員を対象にバックヤードやコックピット見学開催　札幌/千歳・福岡で,2023年10月17日
スイス・インターナショナル・エアラインズ、ベイルート発着便を一時運休　中東情勢悪化で,2023年10月17日
カタール航空、秋割キャンペーン　最大10％オフ,2023年10月16日
ポイントサイト「モッピー」、マリオットへのポイント交換で20％増量,2023年10月16日
前澤ファンド、Space Aviationの第三者割当増資を引受　10億円を出資,2023年10月16日
ソラシドエアは、東京/羽田〜熊本・長崎・沖縄/那覇線で臨時便　12月と1月に計5便,2023年10月16日
成田国際空港第8貨物ビル、太陽光発電設備を導入,2023年10月16日
JALマイレージバンク、USJのプレミアムナイト・パス特典を数量限定で追加,2023年10月16日
モッピー、JALマイルに80％のレートで交換できる「ドリームキャンペーン」を延長　12月末まで,2023年10月16日
ジェットスター・ジャパン、北海道幌加内町で植林活動　「ジェッ太の森」にアカエゾマツの苗木約200本,2023年10月16日
オーストラリア政府、テルアビブから緊急特別出国便　日本人の利用可,2023年10月15日
エンブラエル、トヨタ生産方式の導入拡大　,2023年10月15日
中国国際航空、名古屋/中部〜北京/首都線を増便　11月4日から週4往復,2023年10月15日
マレーシア航空、クアラルンプール〜クルタジャティ線を開設　10月30日から週2往復,2023年10月15日
エア・ドゥ、「AIR DO 搭乗マラソンキャンペーン」を開催,2023年10月15日
ピーチ、アプリチェックインの締め切りを出発35分前までに拡大,2023年10月15日
カタール航空、スターリンクと提携　無料高速インターネット接続を導入,2023年10月15日
"北九州空港、対象DP購入で飲食店などで使える4,000円分クーポン進呈　12月1日〜2024年3月14日出発分まで",2023年10月14日
春秋航空、佐賀〜上海/浦東線を減便　10月30日から週2往復,2023年10月14日
ソラシドエア、機内でハロウィンイベント開催,2023年10月14日
アドベンチャー、ZIPAIR Tokyoと「API」でのシステム連携開始,2023年10月14日
"ピーチ、「オクトーバーSPECIAL WEEK3」開催　大阪/関西〜新潟線が片道2,990円から",2023年10月14日
スターアライアンス、パリのシャルル・ド・ゴール国際空港にラウンジ開設,2023年10月13日
FDAとHAC、丘珠空港での乗り継ぎキャンペーン　コラボフライトタグキーホルダーなどプレゼント,2023年10月13日
エア・ドゥ、札幌/千歳〜熊本線でチャーター便,2023年10月13日
スイス・インターナショナル・エアラインズ、乗務員用保護呼吸装置の一部を交換へ,2023年10月13日
シンガポール航空、シンガポール〜コペンハーゲン線を増便　2024年7月1日から1日1往復,2023年10月13日
韓国政府、テルアビブから緊急特別出国便　日本人も利用可,2023年10月13日
エア・カナダ、機内エンターテインメントにAudibleを追加,2023年10月13日
中国国際航空、福岡〜上海/浦東線を増便　12月18日から週5往復,2023年10月13日
ルフトハンザグループ各社、テルアビブ発着定期便を10月22日まで運休,2023年10月13日
エルアル・イスラエル航空、治安部隊や医療チームの帰還で特別便　3都市から,2023年10月12日
KLMオランダ航空、冬スケジュールには157都市へ運航,2023年10月12日
エアアジアX、札幌/千歳〜クアラルンプール線の運航再開　12月2日から週4往復,2023年10月12日
マレーシアのMYAirline、全便の運航停止,2023年10月12日
ヴァージン・オーストラリア、11年ぶりに黒字化,2023年10月12日
ユナイテッド航空、ハワイアン航空の主張に反論　羽田〜グアム線への深夜早朝枠割当を求める,2023年10月12日
"スプリング・ジャパン、全路線で「オータムセール」　片道2,580円から",2023年10月12日
KLMオランダ航空、テルアビブへの救援便運航見送り　国防省が軍用機派遣,2023年10月12日
ジェイエア、札幌/千歳発福岡行きで茶菓サービス　3年ぶりサービス復活,2023年10月12日
春秋航空、大阪/関西〜寧波線を増便　11月2日から週3往復,2023年10月12日
アラスカ航空、スタンプタウンのコーヒーを提供　12月から全便で,2023年10月12日
"ジェットスター・ジャパン、国内線7路線で「スーパースターセール」　片道3,580円から",2023年10月12日
中国国際航空、福岡〜大連〜北京/首都線を増便　段階的に週5往復に,2023年10月12日
ノルウェー・エアシャトル、テルアビブへ救援便追加,2023年10月12日
アメリカン航空、東京/羽田〜ニューヨーク/JFK線の開設を申請,2023年10月11日
フィジー・エアウェイズ、テルアビブへ救援便運航,2023年10月11日
エールフランス航空、パリ/シャルル・ド・ゴール〜テルアビブ線で特別便　12日に1往復,2023年10月11日
中国国際航空、名古屋/中部〜上海/浦東線の運航再開　11月15日から1日1往復,2023年10月11日
ルクスエア、エンブラエル195−E2型機を4機発注,2023年10月11日
スカイマークの羽田線利用者の宮古島市民バス無料延長　来年3月まで,2023年10月11日
エア・タンザニア、ボーイング737-9型機を初受領,2023年10月11日
ソラシドエア、東京/羽田〜長崎線で早朝夜間臨時便　12月に4便,2023年10月11日
アメックス、チャイナエアラインへのポイント交換を終了,2023年10月11日
マレーシア航空、72時間フラッシュセール開催　往復総額6.3万円台から,2023年10月11日
ノルウェー・エアシャトル、テルアビブへ救援便,2023年10月11日
DHLエクスプレス、シンガポール航空運航の777Fでアジアと北米結ぶ新路線　中部へ週6便乗り入れ,2023年10月11日
JAL、札幌/千歳〜福岡線を増便　10月29日から1日3往復,2023年10月11日
JAL、国内線2回搭乗でUSJの「JALプレミアムナイト招待券」などが当たるキャンペーンを実施,2023年10月11日
JAL、ボーイング777-200ER型機のラストフライトを11月12日に決定　那覇発羽田行き,2023年10月11日
HAC、札幌/丘珠〜秋田線を開設　10月29日から1日2往復,2023年10月11日
JAL、シドニー・メルボルン行きで特別運賃　エコノミー往復12万円台から,2023年10月11日
JALとヘラルボニーが提携　国際線アメニティやカップにデザイン採用,2023年10月10日
フィンエアー、フィンランドの老舗百貨店Stockmannとコラボ　特別商品の販売も,2023年10月10日
中国南方航空、名古屋/中部〜大連線を増便　10月29日から週4往復,2023年10月10日
フィンエアー、ヘルシンキ〜テルアビブ線を来年3月30日まで欠航,2023年10月10日
マイクロジェット、プライベートジェットのチャーターサービス開始　スカイマーク西久保元社長が資金提供,2023年10月10日
"ANA、10月12日〜18日搭乗分「トクたびマイル」設定　東京/成田〜名古屋/中部線3,000マイルから",2023年10月10日
KLMオランダ航空、トロントとヒューストンのラウンジ刷新,2023年10月10日
ハワイアン航空、東京/羽田〜ホノルル線は最大週16往復　冬スケジュール計画,2023年10月10日
JALふるさと納税、新規会員登録＆メルマガ登録で100マイル進呈　先着1万名限定,2023年10月10日
カンタス航空、オーストラリア行きで特別運賃　シドニー往復総額8.9万円から,2023年10月9日
エルアル・イスラエル航空、テルアビブの出発ターミナルを集約　通常運航継続,2023年10月9日
"能登空港、羽田～能登線の特典航空券利用者に現金2,000円プレゼント",2023年10月9日
シンガポール航空、日本国内4都市のこども食堂でイベント開催,2023年10月9日
キャセイパシフィック航空、学割航空券購入でボーナスマイル　先着100名限定,2023年10月9日
ユナイテッド航空、セラボディとサックス・フィフス・アベニューの新アメニティ導入,2023年10月9日
羽田空港第1ターミナルに全国の魅力を発信する「羽田産直館」が12月中旬開業,2023年10月9日
JALエンジニアリング、航空機の廃材活用商品を販売　大阪高島屋で10月11日から,2023年10月8日
デルタ航空、来夏の大西洋横断路線は過去最大規模に,2023年10月8日
LOTポーランド航空、大阪/関西への就航検討　アジア8都市候補,2023年10月8日
エア・ドゥ、東京/羽田〜女満別線を期間増便　2月は1日3往復,2023年10月8日
エア・ドゥ、東京/羽田〜札幌/千歳線を増便　10月〜12月に38便,2023年10月8日
エルアル・イスラエル航空、通常運航を継続　航空券の特別対応も,2023年10月7日
KLMオランダ航空、ミニチュアデルフトハウスの新作を公開　オランダ最古の駅舎,2023年10月7日
マカオ航空、2名同時予約で1名無料のキャンペーン延長　燃油や諸税も無料に,2023年10月7日
LOTポーランド航空、2028年には機材5割増　約20都市に新規就航へ,2023年10月7日
"チェジュ航空、日韓線で5日間タイムセール　片道3,500円から",2023年10月7日
LOTポーランド航空、シカゴ・オヘア国際空港にラウンジ新設,2023年10月7日
チャンギ・エアポート・グループと新羅トラベルリテール、契約期間を4年延長,2023年10月7日
JALプラザ有楽町、チケットカウンターを移転,2023年10月7日
LOTポーランド航空、ボーイング787-8型機の客室刷新　ドア付きビジネスに,2023年10月7日
LOTポーランド航空、ジェットブルー航空とコードシェア　ユナイテッド航空とは終了,2023年10月7日
"ピーチ、「オクトーバーSPECIAL WEEK2 島旅セール」開催　片道2,990円から",2023年10月6日
エア・ドゥ、レバンガ北海道とオフィシャルパートナー契約,2023年10月6日
JALとREGENT Craft、電動シーグライダーの社会実装に向けて連携,2023年10月6日
"ジェットスター・ジャパン、2023年6月期は80億2,200万円の最終赤字　4期連続赤字",2023年10月6日
フィンエアー、最大6億ユーロを調達へ,2023年10月6日
JAL、「JAL MaaS」でスカイホップバスと連携開始,2023年10月6日
アシアナ航空、日本路線は10路線運航継続　冬スケジュール計画,2023年10月6日
エアプサン、日本5都市へ9路線運航　冬スケジュール計画,2023年10月6日
ロサンゼルス国際空港、T3とトム・ブラッドレー国際ターミナルを制限エリアで結ぶ連絡通路の供用開始,2023年10月6日
ANA、「11月サッカー日本代表観戦チケットプレゼントキャンペーン！」を開催,2023年10月6日
ハワイアン航空、ユナイテッド航空の羽田発着枠割当申請の却下求める,2023年10月6日
ジェットスター、「翔んでジェットスターツアー！！」を開催,2023年10月5日
ANA、12月搭乗分で「国内線タイムセール」実施　あすから,2023年10月5日
アシアナ航空、東京/成田〜ソウル/仁川線を増便　11月15日から1日4往復,2023年10月5日
アシアナ航空、仙台〜ソウル/仁川線を増便　10月29日から週4往復,2023年10月5日
香港航空、熊本〜香港線の運航再開　12月2日から週3往復,2023年10月5日
"エアプサン、松山〜釜山線の航空券販売開始　片道9,900円からの特別運賃も",2023年10月5日
ブリティッシュ・エアウェイズ、パイロットやCAが新制服の着用開始,2023年10月5日
カタール航空、サウジアラビア3都市へ就航・運航再開,2023年10月5日
キャセイパシフィック航空、南アジア3都市行き特別運賃の販売期間延長　往復総額11万円台から,2023年10月5日
ユナイテッド航空、ハワイアン航空の羽田未使用発着枠の割当を再度求める,2023年10月5日
山東航空、大阪/関西〜済南線の運航再開　9月27日から1日1往復,2023年10月5日
"JALラウンジのカレー皿、一般販売へ　価格は6,900円",2023年10月4日
"JAL、12〜1月搭乗分の国内線でタイムセール　片道7,700円から",2023年10月4日
タイガーエア・台湾、高知〜台北/桃園線でチャーター便　11月1日から、一般販売も,2023年10月4日
ANA、「ANA Future Promise」の特別塗装機就航　DHC-8-Q400型機、10月23日から,2023年10月4日
成都航空、茨城〜福州線で連続チャーター　10月19日から,2023年10月4日
春秋航空、茨城〜上海/浦東線を運休　10月29日から,2023年10月4日
チェジュ航空、広島〜ソウル/仁川線を増便　10月29日から1日1往復,2023年10月4日
シルクウェイウエスト航空、ボーイング777F型機を初受領,2023年10月4日
中国東方航空、岡山〜上海/浦東線を増便　11月1日から週3往復,2023年10月4日
キャセイパシフィック航空、大阪/関西〜台北/桃園線で特別運賃　往復総額5.1万円台から,2023年10月4日
エールフランスKLM、スカンジナビア航空の出資受け入れを歓迎,2023年10月4日
「ANA Pay」、コード払いのサービスを11月5日午後3時をもって終了,2023年10月4日
ペガサス航空、100機目の航空機を受領,2023年10月4日
ニュージーランド航空、日本支社長に永原範昭氏,2023年10月4日
ユナイテッド航空、ボーイング787-9型機とエアバスA321neoを110機発注,2023年10月4日
スカンジナビア航空、再建スポンサーにエールフランスKLMら選定　スターアライアンス脱退,2023年10月4日
JAL、ホノルル線で特別運賃　燃油込み往復9.7万円から,2023年10月3日
JAL、機内での手書き領収書を廃止　インボイス制度導入で,2023年10月3日
"ANA、10月5日〜11日搭乗分「トクたびマイル」設定　東京/羽田〜大阪/神戸線3,000マイルなど",2023年10月3日
タイガーエア・台湾、福島〜台北/桃園線を開設　来年1月16日からチャーター便で週2往復、来夏から定期便化へ,2023年10月3日
JALでんき、サービスエリアを全国に拡大,2023年10月3日
ラタム航空、エアバスA321neoの初号機を受領,2023年10月3日
ZIPAIR Tokyo、ホノルルで有料ラウンジサービス　38米ドル,2023年10月3日
成田空港T3の「ぼてぢゅう屋台」、プライオリティ・パスに対応　10月11日から,2023年10月3日
"NEXCO東日本とエア・ドゥ、北海道内の高速道路乗り放題をエア・ドゥ利用者に4日間6,300円で販売",2023年10月3日
「DISNEY MAGICAL POP UP STORE」、羽田空港に10月4日出店　パイロット姿のミッキーマウスキーチェーンなど販売,2023年10月3日
遠鉄バス、中部国際空港行きバス「e-wing」の掛川IC発着の運行を再開　10月1日から,2023年10月3日
JAL、国際線ファーストクラスへのアップグレード特典でマイルバック　北米線対象,2023年10月2日
エティハド航空、大阪/関西〜アブダビ線を開設　週5往復で,2023年10月2日
アイベックス、「楽天イーグルスジェット」刷新へ　“総選挙”で新デザイン決定,2023年10月2日
元管制官の解説で飛行機鑑賞クルーズ　羽田沖航路持つシーライン東京、シリーズ化目指す,2023年10月2日
「JALの保険」、販売開始　マイルがたまる保険,2023年10月2日
JAL、エアバスA350-1000型機の機内仕様を発表　ファースト・ビジネスは扉付き個室に,2023年10月2日
ANA、羽生結弦選手のオフィシャルグッズ第5弾の国際線機内プリオーダー販売開始,2023年10月2日
カタール航空、羽田着便のタクシー無料や天然温泉平和島無料利用などのサービスを終了,2023年10月2日
ハワイアン航空、日本路線の機内食をリニューアル　日本発便は「Mark’s Tokyo」のマーク関田氏監修,2023年10月2日
"ピーチ、「オクトーバーSPECIAL WEEK1」開催　片道2,590円から",2023年10月1日
サウディア、新たなブランドアイデンティティを発表,2023年10月1日
ユナイテッド航空、ホテルポイントからのマイル移行で30％増量,2023年10月1日
セントレア、ターミナル間連絡バスの運行継続,2023年10月1日
エア・カナダ、無料テキスト通信サービスを拡大　LINEにも対応,2023年10月1日
スカイマーク、東京/羽田〜神戸線で臨時便　10月と12月に3便,2023年10月1日
ANAの機内食、大阪国際がんセンターで入院患者に提供,2023年10月1日
厦門航空、ミニオン・ランドをテーマとした特別塗装機就航,2023年10月1日
スプリング・ジャパン、東京/成田〜寧波線を1日1往復運航　冬スケジュール計画,2023年10月1日
関西国際空港、航空機搭載水を消防用水として活用,2023年10月1日
大韓航空、福岡〜ソウル/仁川線を増便　10月29日から1日4往復,2023年10月1日
羽田空港T3の「ロレックス」、9月30日をもって閉店,2023年10月1日
ANAふるさと納税、ANAカード決済でマイル2倍キャンペーン実施中　11月15日まで,2023年9月30日
エア・ドゥ、ウェブサイトでの領収書発行に対応　インボイス制度にも対応,2023年9月30日
ANA、「当日アップグレード減額キャンペーン」の期間延長　10月28日まで,2023年9月30日
ユナイテッド航空、車いす利用者の旅行体験向上,2023年9月30日
「アジアのエミレーツ目指す」　日本就航5周年のベトジェットエア、規模拡大に意欲,2023年9月30日
ベトナム航空、日本12路線最大週70往復を運航　冬スケジュール計画,2023年9月30日
セントレア、日帰りの飛行機利用で駐車場代が無料になる「日帰りヒコーキプロジェクト」を延長,2023年9月30日
シンガポール航空、シンガポール〜クアラルンプール線を週66往復体制に,2023年9月30日
ハワイアン航空、羽田空港の発着枠すべて使用へ　ユナイテッド航空がグアム線開設を申請,2023年9月30日
JAL、国際線ファーストで「極上森伊蔵」販売　来年1月には機内販売開始25周年記念ボトル販売へ,2023年9月29日
中国東方航空、小松〜上海/浦東線の運航再開へ　10月29日から週2往復,2023年9月29日
キャセイグループ、エアバスA320ファミリーを32機発注,2023年9月29日
エア・ドゥ、就航25周年で「プレミアムベア・ドゥ」を機内販売,2023年9月29日
空港売店「BLUE SKY」、「JAL PLAZA」に名称変更,2023年9月29日
エア・タヒチ・ヌイ、東京/成田発着ロサンゼルス・シアトル行き特別運賃の販売期間延長　往復総額14万円台,2023年9月29日
キャピタルAとガルーダ・インドネシア航空グループ、パートナーシップ契約締結,2023年9月29日
カタール航空、東京/羽田〜ドーハ線の発着スケジュール変更　従来より1時間前倒し,2023年9月29日
"ジェットスター・ジャパン、国内線で「スーパースターセール」　片道4,380円から",2023年9月29日
ターキッシュ・エアラインズと中国東方航空、協力関係拡大へ,2023年9月29日
エジプト航空、東京/成田〜カイロ線の運航再開　9月28日から週1往復,2023年9月29日
大韓航空、大阪/関西〜ソウル/仁川線を増便　10月29日から1日4往復,2023年9月29日
関西国際空港T1の新国際線出発エリア、12月5日オープン,2023年9月29日
カタール航空、2日間限定タイムセール開催　欧州へ14万円台から,2023年9月29日
大韓航空、冬スケジュールの日本路線運航計画を決定　1日最大32往復,2023年9月29日
"ANA、国内線特典航空券で減額マイルキャンペーン　2,900マイルから、「ANAにキュン！」企画",2023年9月28日
グローバル・エアラインズ、エアバスA380型機の運航開始に向けてハイフライと提携,2023年9月28日
エミレーツ航空、東京/成田・サンパウロ〜ドバイ線にプレミアムエコノミー導入,2023年9月28日
チャイナエアライン、熊本〜台北/桃園線を増便　12月1日から週4往復,2023年9月28日
タイ国際航空、日本路線は1日9往復　冬スケジュール運航計画,2023年9月28日
大韓航空、鹿児島〜ソウル/仁川線の運航再開　10月29日から週3往復,2023年9月28日
大韓航空、岡山〜ソウル/仁川線の運航再開　10月29日から週3往復,2023年9月28日
大韓航空、新潟〜ソウル/仁川線の運航再開　10月31日から週3往復,2023年9月28日
ANA、エアバスA380型機「フライングホヌ」3号機の洗浄を実施　厦門で整備後に定期便投入,2023年9月28日
デルタ航空、ボストン・ローガン空港に「デルタ スカイクラブ」を新設,2023年9月28日
ピーチ、「back number×Peachポップアップショップ」を関西国際空港で開催　9月30日・10月1日の2日間限定,2023年9月27日
JAL、11月搭乗分の国内線でタイムセール　あすから,2023年9月27日
ルフトハンザ・ドイツ航空、エアバスA320型機に新客室仕様　2025年から38機に導入,2023年9月27日
日本とルクセンブルク当局、旅客・貨物便を運航できる枠組み設定　旅客便は羽田を除きオープンスカイに,2023年9月27日
JR北海道とANA、「ANAきた北海道フリーパス」を継続販売　指定席利用可能に,2023年9月27日
タイ・エアアジアX、スワンナプーム国際空港でSAT-1を使用　日本線も,2023年9月27日
関西国際空港T1に「551蓬莱」と「すき家」、10月1日オープン,2023年9月27日
ANA、羽生結弦さんが出演するオンラインツアー「機長・羽生結弦の旅路」のオンデマンド配信を開始,2023年9月27日
スターラックス航空、特典交換マイル数の改定を延期,2023年9月27日
カタール航空、Visaカード決済で航空券最大12％割引,2023年9月27日
ANAHD、日本貨物航空の完全子会社化を来年2月に変更,2023年9月27日
タイ・ベトジェットエア、大阪/関西〜台北/桃園〜バンコク/スワンナプーム線を増便　10月19日から1日1往復,2023年9月26日
エアバス、民間航空機事業CEOにクリスチャン・シェーラー氏を任命,2023年9月26日
アシアナ航空、大阪/関西〜ソウル/仁川線にボーイング747-400型機を投入　10月29日〜12月31日,2023年9月26日
ANAグループ、「赤い羽根共同募金」に今年も協力　62回目,2023年9月26日
中部国際空港の「ぼてぢゅう」、プライオリティ・パスに対応　10月4日から,2023年9月26日
"ANA、9月28日〜10月4日搭乗分「トクたびマイル」設定　羽田～伊丹線3,000マイルなど",2023年9月26日
沖縄発スキンケアブランド「SuiSavon-首里石鹸-」、那覇空港「YUINICHI STREET」に9月10日オープン,2023年9月26日
"タイガーエア・台湾、9周年で記念セール　往復購入で片道2,900円から",2023年9月26日
エールフランスKLM、エアバスA350型機を50機確定発注　オプション40機も,2023年9月26日
ユナイテッド航空、東京/羽田〜ヒューストン・グアム線の開設を申請　ハワイアン未使用枠の割当も求める,2023年9月26日
エア・カナダ、ボーイング787-10型機を最大30機導入,2023年9月25日
JAL、「国内航空券タイムセール」を開催　11月〜2024年1月搭乗分,2023年9月25日
"ZIPAIR Tokyo、搭乗者数100万人達成で記念セール　ホノルル片道15,000円からなど",2023年9月25日
JAL、ボーイング777-200ER型機の定期便最終飛来イベント開催　中部国際空港で10月27日に,2023年9月25日
羽田空港の「空の日」フェスティバルに「仕事猫」登場,2023年9月25日
アシアナ航空、東京/成田〜ソウル/仁川線へのエアバスA380型機投入継続　12月31日まで,2023年9月25日
"アシアナ航空、東京/成田〜ソウル/仁川線で特別運賃　往復ビジネスクラスで45,000円、エアバスA380型機利用",2023年9月25日
"マリオット、11月30日までの予約で最大5,000ポイントプレゼント　JAL・ANAマイレージ会員対象",2023年9月25日
"富士山静岡空港、ANA利用で片道2,500円をキャッシュバック　9月25日〜10月27日搭乗分",2023年9月25日
成田空港、「よしもとカレー 成田空港 マッシュルーム＆ポーク編」を9月20日発売,2023年9月25日
中国国際航空、仙台〜上海/浦東線の運航再開　11月4日から週2往復,2023年9月25日
ANA、大阪/関西〜札幌/千歳線を増便　10月に2往復,2023年9月25日
中国国際航空、東京/成田〜北京/首都線を増便　10月30日から1日1往復,2023年9月24日
ウエストジェット航空とエールフランス航空、コードシェア拡大,2023年9月24日
JAL、APEXの「WORLD CLASS」を3年連続受賞,2023年9月24日
スターラックス航空、特典航空券の交換必要マイル数を改定　大半が引き上げ,2023年9月24日
フジドリームエアラインズ、6路線を期間増便　計62便,2023年9月24日
大韓航空、名古屋/中部〜ソウル/仁川線を期間増便　10月31日〜12月26日、週17往復に,2023年9月24日
JALカード会員限定でAgodaの海外宿泊が最大15％割引に　11月30日まで,2023年9月24日
大韓航空、東京/成田〜ソウル/仁川線を増便　10月29日から1日4往復,2023年9月23日
エア・タヒチ・ヌイ、東京/成田発着ロサンゼルス・シアトル行きで特別運賃　往復総額14万円台,2023年9月23日
"ピーチ、国内・国際線で「3日間限定セール」　片道2,590円から",2023年9月23日
JALの本物の整備関連グッズが出てくる「ガチャ」第5弾、9月20日から販売開始,2023年9月23日
スプリング・ジャパン、東京/成田〜札幌/千歳線を増便　10月に6便,2023年9月23日
シンガポール航空、8都市行きで特別運賃　東南アジア往復総額4.9万円台から,2023年9月23日
JAL、東京/成田〜台北/桃園線を期間増便　10月29日〜11月30日、1日2往復に,2023年9月23日
フィリピン航空、アメリカ行きESTA利用者の輸送再開,2023年9月23日
デルタ航空、東京/羽田〜ポートランド線の開設取りやめ　発着枠返上,2023年9月23日
ジェットブルー航空、ボストン〜アムステルダム線を開設　9月20日から1日1往復,2023年9月23日
チェジュ航空、静岡〜ソウル/仁川線を増便　10月29日から1日1往復,2023年9月23日
タイガーエア・台湾、秋田〜台北/桃園線を開設　12月10日から週2往復,2023年9月22日
ティーウェイ航空、佐賀〜ソウル/仁川線を増便　10月29日から週4往復,2023年9月22日
"ユナイテッド航空、グアム行きで特別運賃　燃油込み47,000円から",2023年9月22日
羽田発庄内行き早朝便利用でぶどうの苗木オーナー権　「朝はおいしい庄内キャンペーン」第1弾,2023年9月22日
エミレーツ航空とモルディビアン航空、インターライン契約締結,2023年9月22日
JR北海道とピーチ、道内フリーパス2種類を継続販売　指定席利用可能に,2023年9月22日
エアカラン、東京/成田〜ヌメア線で臨時便　12月と1月に計4往復,2023年9月22日
エミレーツ航空とスリランカ航空、インターライン契約締結,2023年9月22日
モルディビアン航空、ATR42-600型機を2機追加発注,2023年9月22日
ZIPAIR Tokyo、東京/成田〜ソウル/仁川線を1日1往復運航　冬スケジュール計画,2023年9月22日
JR北海道とFDA、道内フリーパス2種類を継続販売　指定席利用可能に,2023年9月22日
JAL、大阪/関西〜台北/桃園線を期間運航　10月29日〜2024年1月8日、週4往復で,2023年9月22日
JR北海道とエア・ドゥ、道内フリーパス2種類を継続販売　指定席利用可能に,2023年9月22日
ジェットスター・ジャパン、国内線で「スーパースターセール」　往復予約で復路888円から,2023年9月22日
エア・ドゥ、東京/羽田〜札幌/千歳線の増便追加　10月に16便,2023年9月22日
"ブリティッシュ・エアウェイズ、特典航空券の交換必要マイル数引き上げ　日本国内線は10,500Aviosから、約2年2か月ぶり",2023年9月22日
JAL、東京/成田〜グアム線を増便　年末年始は1日1往復,2023年9月22日
成田空港、第2ターミナル国際線到着コンコースにポケモンのイラスト掲出,2023年9月21日
JAL、大谷翔平選手の歴代ポスター19枚を掲出　東京モノレール羽田空港T1駅ホームに,2023年9月21日
JAL、東京/成田〜香港線を期間増便　10月29日〜12月27日、1日1往復に,2023年9月21日
シンガポール航空、シンガポール〜アーメダバード線を増便　2024年9月2日から1日1往復,2023年9月21日
中国国際航空、東京/成田〜上海/浦東線を増便　1日4往復に,2023年9月21日
「KIXエアポート カフェラウンジ NODOKA」、プライオリティ・パス対応開始,2023年9月21日
ニューパシフィック航空、オンタリオ〜リノ・ナッシュビル線を11月16日開設,2023年9月21日
香港航空、熊本〜香港線の運航再開　12月から週3往復で,2023年9月21日
エミレーツ航空、ビジネスクラスの機内食事前予約サービス拡大,2023年9月21日
スターラックス航空、「スターラックス航空 自販機」を設置　搭乗者にドリンク進呈、航空券抽選も,2023年9月20日
ソラシドエアなど5者、「さあ行こう！東京浜松町⇔宮崎スタンプラリー」を開催,2023年9月20日
成田国際空港、第8貨物ビルを建設　ANAの貨物上屋集約,2023年9月20日
シンガポール航空、シンガポール〜マレ線の機材大型化　2024年3月31日から,2023年9月20日
かつや、台北・桃園国際空港制限エリア内に9月8日開業　台湾8店舗目,2023年9月20日
シンガポール航空、シンガポール〜ダッカ線を増便　2024年3月31日から週9往復,2023年9月20日
伊丹空港、「空の日エアポートフェスティバル」を10月28日に実施　中高生対象に管制塔見学も,2023年9月20日
羽田1タミの「うちのたまご」、9月30日で閉店　モノレール工事で,2023年9月20日
ANA、羽田第2ターミナル発の国際線を16便に拡大　ANAラウンジのLIVEキッチンも再開,2023年9月20日
エア・ベルギー、旅客事業から撤退,2023年9月20日
"ANA、9月21日〜27日搭乗分「トクたびマイル」設定　東京/羽田～石垣線7,000マイルなど",2023年9月19日
スカイマーク、就航25周年　洞社長「苦難に満ちていた」,2023年9月19日
ユナイテッド航空、デンバー国際空港に最大規模のラウンジ　「ビールテイスティング体験」も,2023年9月19日
キャセイパシフィック、欧州・オーストラリア行きで早割り運賃　欧州へ総額16万円台から,2023年9月19日
スターラックス航空、札幌/千歳〜台北/桃園線の機材大型化　エアバスA330-900型機投入,2023年9月19日
ベトジェットエア、ボーイング737 MAXの契約修正　2024年度には最大12機受領へ,2023年9月19日
中国国際航空、東京/成田〜杭州線を増便　10月30日から週4往復,2023年9月19日
ソラシドエア、「グリーンスカイフェスタ」を二子玉川ライズで開催　9月23日・24日,2023年9月19日
エーデルワイス航空、エアバスA350-900型機を6機導入　旧ラタム航空機,2023年9月18日
フィリピン航空、ESTA利用者のアメリカへの輸送できず　協定失効で,2023年9月18日
ヘルシンキ・ヴァンター国際空港、第2滑走路改修工事の第1段階を終了,2023年9月18日
オーバーランド航空、エンブラエル175型機を初受領,2023年9月18日
ジェットスター・ジャパン、支払い方法にau PAYを追加,2023年9月18日
神奈川県、企画切符を割引する「かながわ鉄道割」を10月1日開始,2023年9月18日
カタール航空、3日間限定タイムセール　ローマ往復14万円台など,2023年9月18日
ニュージーランド航空、オークランド行きでセール　往復総額10万円から,2023年9月17日
JAL、廃棄削減につながる特殊冷凍フルーツを機内提供　「サステナブル・チャレンジフライト」で,2023年9月17日
JAL、「俺のフレンチ」とコラボした「旅するメーカーズディナー」第5弾実施　伊万里市と共催,2023年9月17日
JAL、777の解体部品でインテリア家具　都内で展示会,2023年9月16日
エア・ドゥとソラシドエア、共同キャンペーン実施　搭乗でAIRDOポイントとソラシドエアマイルの両方貯まる,2023年9月16日
マレーシア航空とキャセイパシフィック航空、共同事業を断念,2023年9月16日
ジンエアー、茨城〜ソウル/仁川線で連続チャーター　10月10日から計8往復,2023年9月16日
中国東方航空、静岡〜上海/浦東線の運航再開で特別運賃　片道1万円、往復1.5万円,2023年9月15日
ガルーダ・インドネシア航空、東京/成田〜デンパサール線を増便　10月29日から1日1往復,2023年9月15日
JAL、国際線ビジネスクラスの「エクスプレスミール」刷新　第2弾は「よろにく和牛すき焼き御膳」,2023年9月15日
「JAL ミャクミャクJET」、11月28日就航,2023年9月15日
"ピーチ、「4回連続セール」開催　10月搭乗分が2,500円から",2023年9月15日
デルタ航空、スカイマイルの上級会員資格の取得要件変更　米国以外にも利用金額基準導入,2023年9月15日
ブリティッシュ・エアウェイズとJAL、ロンドンバスでアフタヌーンティー　都心を走行,2023年9月15日
スターフライヤー、国際線の運休延長　2024年3月30日まで,2023年9月14日
エアソウル、札幌/千歳〜ソウル/仁川線を期間運航　12月3日から2月24日まで,2023年9月14日
成田空港の給油施設に関する特別展示、千葉市科学館で,2023年9月14日
JAL、羽田〜ニューヨーク線でCO2排出量実質ゼロ　獣脂由来の燃料など活用,2023年9月14日
成田空港ブランド天然水「空水」、リニューアル販売　パッケージデザインを一新,2023年9月14日
エールフランス航空、777・A350の新ビジネスクラスシート公開　六本木で体験会,2023年9月14日
ANA、東京/成田〜上海/浦東線を増便　10月2日から週10往復,2023年9月14日
エアプサン、松山〜釜山線を開設　11月10日から週3往復,2023年9月14日
ルフトハンザ、アメリカ3路線開設　ミュンヘンから5都市へエアバスA380型機運航,2023年9月14日
JALラウンジのコーヒー粉を再利用したクラフトジン「ReFLY」を開発　ラウンジや機内でも提供,2023年9月14日
スターアライアンス、世界一周航空券プレゼント　世界一周アイデア募集,2023年9月14日
ANA、欧州路線は5路線週30往復を運航　冬スケジュール計画,2023年9月14日
「ANA VISAプリペイドカード」、9月30日で新規発行終了,2023年9月14日
スイス・インターナショナル・エアラインズ、エアバスA350-900型機の機内レイアウトを決定,2023年9月13日
スプリング・ジャパン、成田国際空港のチェックインカウンターのデザイン刷新,2023年9月13日
エアアジア、204機を再稼働へ　年内に200機,2023年9月13日
ノースアトランティック航空、パリ〜ロサンゼルス線開設　2024年5月1日から週6往復,2023年9月13日
"チェジュ航空、日韓線で「今安セール」　片道5,600円から",2023年9月13日
SMBCアビエーション・キャピタル、ボーイング737-8型機を25機追加発注,2023年9月13日
シンガポール航空、大阪/関西〜シンガポール線を増便　10月29日から1日3往復,2023年9月13日
シンガポール航空、東京/成田〜シンガポール線へのエアバスA380型機を投入を発表　10月29日から,2023年9月13日
ソラシドエア、特典航空券でマイル過徴収,2023年9月13日
ソラシドエア、名古屋/中部〜鹿児島線の特典航空券予約受付再開,2023年9月13日
スターラックス航空、台北/桃園〜サンフランシスコ線開設　12月16日から週3往復,2023年9月13日
"ANA、9月14日〜20日搭乗分「トクたびマイル」設定　東京/羽田〜八丈島線3,000マイルなど",2023年9月12日
スターフライヤー、「進撃の巨人スペシャルジェット」11月4日から運航,2023年9月12日
ソラシドエア、抽選でUCCコーヒー博物館に無料招待　神戸就航10周年記念で,2023年9月12日
ジェットスター・ジャパン、東京/成田〜旭川線で就航記念セール　往復予約で復路98円,2023年9月12日
"スクート、東南アジア路線でセール　片道14,000円から",2023年9月12日
シンガポール航空、ブリュッセル就航　来年4月から週4往復,2023年9月12日
エミレーツ航空、ドバイ〜シドニー線全便をエアバスA380型機の運航に,2023年9月12日
コロナ禍を経て様変わりしたグアム、シルク・ドゥ・ソレイユの元クリエイターが手掛けた大迫力ショーや本格地中海料理も【レポート】,2023年9月12日
成田空港にも”プライオリティ・パス”対応レストラン　T2の「鉄板焼 道頓堀 くり田」追加,2023年9月12日
タイ国際航空、中国路線増便　バンコク〜プーケット線に787-8,2023年9月12日
マレーシア航空、「秋割セール」開催　往復総額6.6万円台から,2023年9月12日
"ピーチ、「4回連続セール」開催　11月搭乗分が2,000円から",2023年9月12日
ZIPAIR Tokyo、東京/成田〜シンガポール線を1日1往復運航　冬スケジュール運航計画,2023年9月12日
ジェットブルー航空、アレジアント航空にニューアークの発着枠譲渡　ゲートも,2023年9月12日
ベトナム航空、ボーイング737-8型機を50機発注,2023年9月11日
スプリング・ジャパン、東京/成田〜ハルビン・天津線を増便　12月に各2往復,2023年9月11日
LOTポーランド航空、欧州行きなどで「LOTビッグセール」　往復総額10万円から,2023年9月11日
ANA、九州産交バスとMaaS連携　熊本空港リムジンバスのデジタルチケット販売,2023年9月11日
ジェットスター・ジャパン、東京/成田〜旭川線を開設　12月15日から1日1往復,2023年9月11日
JALふるさと納税オリジナル返礼品のDPクーポン、リニューアル　自治体拡大、期限延長,2023年9月11日
「堂島ロール」のモンシェール、伊丹空港にオープン　空港限定商品も,2023年9月11日
"JALマイルから楽天ポイントへの交換、10,000マイル交換で1,000ポイント増量",2023年9月11日
MileagePlus JCBゴールドカード、年会費値上げ　長期保有でボーナスマイル付与開始,2023年9月10日
ATR、韓国で25機以上のATR機の需要を予測　日本への路線開設機会も,2023年9月10日
ANA、羽田空港のおもてなしナンバーワン決める「Haneda’s Prideコンテスト」を開催,2023年9月10日
スプリング・ジャパン、国内線2路線運航　冬スケジュール運航計画,2023年9月10日
エミレーツ航空、ドバイ〜香港線を増便　11月1日から1日4往復,2023年9月10日
ハワイアン航空、札幌/千歳〜ホノルル線の運航再開　来年4月2日から週3往復,2023年9月10日
アメリカ運輸省、アメリカン航空に410万米ドルの罰金,2023年9月9日
JALカード、会員専用ウェブサイト「agora plus（アゴラプラス）」を開設　CLUB-A会員以上を対象に,2023年9月9日
エアプサン、大阪/関西〜釜山線で臨時便　9月と10月に5往復追加,2023年9月9日
ANA、シンガポール・チャンギ国際空港の発着ターミナルを変更　10月5日からT2に,2023年9月9日
スイス・インターナショナル・エアラインズ、チューリッヒ〜ジュネーブ線を「グリーン運賃」のみに,2023年9月9日
JAL、東京/成田〜コナ線を年末年始に7往復を運航,2023年9月9日
ノーザンパシフィック航空、「ニューパシフィック航空」に社名変更,2023年9月9日
"福島空港、伊丹以遠の乗り継ぎ利用で5,000円キャッシュバック",2023年9月9日
カタール航空、2日間限定タイムセール　ローマ往復14万円台など,2023年9月8日
"ジェットスター・ジャパン、国内9路線で「スーパースターセール」　成田〜長崎線は往復購入で復路1,000円",2023年9月8日
"JALUX、JALの整備士着用のモンベル製アウターを再現した防寒アウター販売　税込79,200円",2023年9月8日
エミレーツ航空とエーゲ航空、コードシェア拡大,2023年9月8日
タイ・エアアジアXの事業再生計画、裁判所が承認　機材拡充へ,2023年9月8日
福岡空港の制限エリアを巡るオープントップバスツアー、10月・11月に設定,2023年9月8日
ハワイアン航空、東京/羽田〜コナ線の運航再開　段階的に増便,2023年9月8日
スカイマーク、チロリアンとのコラボ商品を発売,2023年9月7日
エールフランスKLMとエティハド航空、協力関係を強化,2023年9月7日
JAL、マニラの「サクララウンジ」で有料サービス販売,2023年9月7日
スターラックス航空、名古屋/中部〜台北/桃園線を開設　12月1日から1日1往復,2023年9月7日
春秋航空、高松〜上海/浦東線の運航計画変更　10月10日〜28日は運休,2023年9月7日
大韓航空、小松・岡山・鹿児島〜ソウル/仁川線でチャーター便運航,2023年9月7日
チェジュ航空、松山〜ソウル/仁川線を増便　10月29日から1日1往復,2023年9月7日
JAL、JMB提携航空会社のクイズに答えると100マイル進呈　9月30日まで,2023年9月7日
ニュージーランド航空、『「スカイカウチ」で休み満喫キャンペーン』を開催　抽選で3組6名に,2023年9月7日
エバー航空、台北/桃園〜松山線で特別フライト　ハローキティ機で,2023年9月7日
ハワイアン航空、ボーイング787-9型機を来年4月就航　米西海岸3路線に投入,2023年9月7日
ターキッシュ・エアラインズ、エアバスA350-900型機を10機追加発注,2023年9月7日
フィンエアー、客室乗務員200人を募集,2023年9月7日
"ピーチ、「4回連続セール」開催　12月搭乗分が1,500円から",2023年9月7日
ANA、国際線でタイムセール　ハワイ往復8.2万円など、燃油込み,2023年9月7日
ANA、燃油サーチャージを引き上げ　10月以降発券分,2023年9月6日
ANA、11月〜来年1月搭乗分で「国内線タイムセール」実施,2023年9月6日
マレーシア航空、インド3路線を開設　アムリトサルやアーメダバードなど,2023年9月6日
JAL、国際線ファーストクラスラウンジで宮崎県産キャビア提供,2023年9月6日
中国東方航空、名古屋/中部〜上海/浦東線を増便　10月5日から週10往復,2023年9月6日
厦門航空、東京/成田〜福州線を減便　9月7日から週5往復,2023年9月6日
ピーチ、アプリダウンロードで500円割引クーポンを配布　9月8日まで,2023年9月6日
ユナイテッド航空とエミレーツ航空、コードシェア拡大　メキシコ8都市追加,2023年9月6日
JAL、東京/羽田〜シカゴ線にボーイング777-300ER型機を投入　来年2月から,2023年9月6日
京急ら、Le Cielで行く！「羽田空港制限区域内ツアー」を9月30日開催,2023年9月6日
厦門航空、東京/成田〜厦門線の運航再開　9月7日から週2往復,2023年9月6日
イースター航空、福岡〜ソウル/仁川線の運航再開　10月29日から1日2往復,2023年9月6日
"ANA、9月7日〜13日搭乗分「トクたびマイル」設定　東京/羽田〜大阪/関西線3,000マイルなど",2023年9月5日
ユーロウイングス・ディスカバー、「ディスカバー・エアラインズ」にブランド変更,2023年9月5日
国土交通省航空局、スカイマークに厳重注意　アルコール検査未実施で整備,2023年9月5日
キャセイパシフィック航空、機内で香港エッグタルト提供　香港ブランドのコーヒーなども、広告展開で魅力訴求,2023年9月5日
JAL、エアバスA350-1000型機の座席数を当てるクイズ　正解者にはNY往復航空券,2023年9月5日
カンタスグループ、アラン・ジョイスCEOの退任前倒し,2023年9月5日
ニュージーランド航空、短距離路線向けに4機導入　2024年以降に,2023年9月5日
エールフランス航空、「ランデヴー・キャンペーン」開催　欧州行き総額15万円台から,2023年9月5日
中国東方航空、静岡〜上海/浦東線の運航再開　9月24日から週2往復,2023年9月5日
JAL、東京/羽田～シンガポール線でファーストクラス設定　ボーイング777-300ER型機投入,2023年9月5日
ANA、「鬼滅の刃じぇっと-壱-」の運航を10月21日で終了,2023年9月5日
"タイガーエア・台湾、日本発着路線でセール　片道8,500円から",2023年9月5日
シンガポール航空、シンガポール〜メルボルン線を増便　2024年5月26日から1日5往復,2023年9月5日
マレーシア航空、ケータリング業者を変更　機内食の提供に影響も,2023年9月5日
エアアジアグループ、セール開催　東南アジアへ片道1.1万円から,2023年9月5日
ソラシドエア、名古屋/中部〜鹿児島線の特典航空券の予約受付停止　必要マイル数の設定不備,2023年9月4日
"イースター航空、日本発着3路線の運航再開でセール　片道1,000円から",2023年9月4日
JAL、電力4社のポイントから交換でレートアップ　9月30日まで,2023年9月4日
大韓航空、「SAF協力プログラム」開始　貨物取引会社と協力,2023年9月4日
スターラックス航空、熊本〜台北/桃園線を開設　週5往復で、冬スケジュールはデイリー化,2023年9月3日
ノルウェー産「サバヌーヴォー」、今年もJAL便で輸入　東京ソラマチで無料提供も,2023年9月3日
エアバス、ハンブルクにA321XLR型機向けの装備工場新設,2023年9月3日
ウズベキスタン航空、東京/成田〜タシケント線の運航継続　冬スケジュール期間も,2023年9月3日
中国東方航空、上海/浦東〜イスタンブール線を開設　9月28日から週3往復,2023年9月3日
"タイガーエア、福岡・佐賀発着路線でセール　片道8,000円から",2023年9月2日
"ピーチ、「4回連続セール」開催　来年1月搭乗分が1,000円から",2023年9月2日
フェラガモ、羽田空港第3ターミナルの店舗をリニューアルオープン,2023年9月2日
タイ国際航空、アジア4都市にエアバスA320型機就航,2023年9月2日
KLMオランダ航空、政府によるスキポール空港発着枠削減に反対の声明,2023年9月2日
ZIPAIR Tokyo、機内食の提供時間を選択可能に　到着前はプラス250円,2023年9月2日
スターラックス航空、熊本〜台北/桃園線を増便　10月29日から1日1往復,2023年9月2日
JAL、国際線でタイムセール　欧州4都市往復16万円など,2023年9月1日
フィンエアー、欧州行きでスペシャルオファー　燃油込み往復15万円台から,2023年9月1日
スターラックス航空、東京/成田〜台北/桃園線でファーストクラスのサービス開始　A350運航便で,2023年9月1日
「イーブイジェットNH」、運航を開始　不具合解消、1日遅れで,2023年9月1日
JAL、スカイメイト利用でダブルマイル　9月1日～10月28日搭乗分,2023年9月1日
アメックス、プライオリティ・パス利用料金を引き上げ　10月から35米ドル,2023年9月1日
伊丹空港に「堂島ロール」の「Pâtisserie Moncher」オープン,2023年9月1日
ルフトハンザ・ドイツ航空、エアバスA380型機2機の運航再開決定　2024年から25年に,2023年9月1日
ルフトハンザ・ドイツ航空、エアバスA380型機2機の運航再開決定　2024年から25年に,2023年9月1日
上海航空、名古屋/中部〜上海/浦東線を開設　9月25日から週4往復,2023年8月31日
カンタス航空、欠航決めた航空券を最長47日間販売　ACCCが提訴,2023年8月31日
エールフランス航空、新型ビジネス体験イベント　9/12〜14、東京ミッドタウンで,2023年8月31日
カタール航空、ドーハ国際園芸博覧会の無料入場特典提供,2023年8月31日
スターフライヤー、東京/羽田〜北九州・福岡線で臨時便　9月に12便,2023年8月31日
ANA、「当日アップグレード減額キャンペーン」を実施　期間・路線限定,2023年8月31日
ZIPAIR Tokyo、東京/成田〜ホノルル線を冬スケジュールには1日最大1往復運航,2023年8月31日
ANA「イーブイジェットNH」、空調不具合で就航延期　新たな日程は未定,2023年8月31日
ジェットスター・ジャパン、東京/成田〜台北/桃園線を増便　2024年1月9日から1日2往復、日中便追加,2023年8月31日
オリエンタルエアブリッジ、福岡〜名古屋/中部線を開設　10月29日から1日1往復,2023年8月31日
ジェットブルー航空、アムステルダム就航　欧州の乗り入れは3都市に拡大,2023年8月31日
香港国際空港、スカイピアでの乗り継ぎサービス強化,2023年8月31日
マレーシア航空、72時間フラッシュセール第2弾　往復総額6.3万円台から,2023年8月30日
ANAの新ポケモン塗装機「イーブイジェットNH」外観レポート　2028年頃まで運航,2023年8月30日
ブリティッシュ・エアウェイズ、短距離ビジネスの中央席を一時的に使用　管制トラブルで,2023年8月30日
エチオピア航空、東京/成田〜ソウル/仁川〜アディスアベバ線を増便　冬スケジュールから週6往復に、A350投入で供給座席数拡大,2023年8月30日
ANA、羽生結弦選手のオフィシャルグッズ第5弾を9月1日販売開始,2023年8月30日
ANA、羽生結弦選手のオフィシャルグッズ第5弾を9月1日販売開始,2023年8月30日
エミレーツ航空、羽田空港と東京駅・品川駅を結ぶ無料バスサービス開始,2023年8月30日
エアソウル、高松〜ソウル/仁川線の期間増便　9月28日〜10月11日、1日2往復,2023年8月30日
ANA、東京/成田〜ホノルル線を1日2往復に　エアバスA380型機、初のダブルデイリー化,2023年8月30日
ANA、777-300ER「イーブイジェットNH」公開　格納庫でポケモンがダンス披露,2023年8月30日
JAL、ベンガルール・ケンペゴウダ国際空港の発着をターミナル2に変更　8月31日から,2023年8月30日
リヤド・エア、人材育成でカレッジ・オブ・エクセレンスと連携,2023年8月30日
キャセイパシフィック航空、全世界のラウンジ営業再開,2023年8月30日
"スクート、東南アジア路線でセール　片道17,000円から",2023年8月30日
エアソウル、高松発ソウル/仁川行きを2名以上の利用で1名分キャッシュバック　先着100名限定,2023年8月30日
エティハド航空、欧州6都市行きで冬先取りセール　総額11万円台から,2023年8月29日
デルタ航空、東京/羽田〜ホノルル線の運航開始を発表　10月28日から1日1往復,2023年8月29日
"ANA、8月31日〜9月6日搭乗分「トクたびマイル」設定　東京/羽田〜名古屋/中部・大阪/伊丹線3,000マイルなど",2023年8月29日
JAL、東京/羽田～福岡線にボーイング777-300ER型機投入　国際線仕様、ファーストクラスのサービス実施,2023年8月29日
「破綻後の社員の結束が強まった」　JAL式ラジオ体操、取り組み10年,2023年8月29日
カタール航空、ドーハ〜ニューヨーク/JFK線を増便　10月30日から1日3往復,2023年8月29日
ソラシドエア、東京/羽田〜沖縄/那覇線で臨時便　9月に12便,2023年8月29日
ソラシドエア、ウェブサイトに仮想待合室を導入,2023年8月28日
エチオピア航空、東京/成田〜ソウル/仁川〜アディスアベバ線にエアバスA350-900型機を投入へ,2023年8月28日
キャセイパシフィック航空、台北行きで特別運賃　往復総額4.3万円台から,2023年8月28日
オリエンタルエアブリッジ、元社員が機密情報持ち出し,2023年8月28日
ソラシドエア、東京/羽田〜長崎線で早朝夜間臨時便　9月にも4便,2023年8月28日
エバー航空、羽田発着便にボーイング787-10型機を投入　8月22日〜10月28日,2023年8月28日
キャセイパシフィック航空、海外発のフライトに初めてSAFを使用,2023年8月28日
ANA Mall、マイル利用分の10％を還元　10月2日まで,2023年8月27日
ピーチ、「国際線 秋冬ぶっ飛びセール」開催　最大40％オフ,2023年8月27日
タイ・ベトジェットエア、大阪/関西〜台北/桃園〜バンコク/スワンナプーム線を開設　9月27日から週4往復,2023年8月27日
シンガポール航空、シンガポール〜パース線を増便　段階的に1日4往復に,2023年8月27日
ピーチ、大阪/関西〜香港線を増便　10月29日から1日3往復,2023年8月27日
ピーチ、国際線2路線で増便　内際機材配分見直し、冬スケジュール運航計画,2023年8月26日
マレーシア航空、日本3路線週21往復を運航　羽田線運休継続、冬スケジュール運航計画,2023年8月26日
シンガポール航空、シンガポール〜ダーウィン線を増便　2024年3月31日から1日1往復,2023年8月25日
"ジェットスター・ジャパン、国内線で「スーパースターセール」　片道3,580円から",2023年8月25日
成田空港T2の制限エリアに2店舗新オープン　秋葉原テーマのショップ、マツキヨも,2023年8月25日
"HondaJetを使用した遊覧フライト、JALふるさと納税で返礼品として出品中　寄附金額1,000万円",2023年8月25日
カタール航空、ドーハ〜成都・重慶線の運航再開　9月から週3往復で,2023年8月25日
エア・カナダ、大阪/関西〜バンクーバー線を季節運休　冬スケジュール運航計画,2023年8月25日
"ソラシドエア、10月〜来年1月搭乗分でセール　羽田発着九州・沖縄線が5,900円から",2023年8月24日
JAL、ボーイング777-200ER型機を11月上旬まで運航へ,2023年8月24日
スカイマーク、羽田〜福岡線など増便　4路線減便、冬スケジュール運航計画,2023年8月24日
ピーチ、「国内線秋冬ぶっ飛びセール」を開催　片道999円から,2023年8月24日
カンタスグループ、エアバスA350型機とボーイング787型機を24機発注,2023年8月24日
中国からの団体旅行解禁　ANA利用の第一号ツアーが羽田に到着,2023年8月23日
ANA、佐賀空港を“一文字違い”の「SEGA空港」に　県に出向中のCAが発案、ソニックも登場,2023年8月23日
JAL、名古屋/中部〜ホノルル線を増便　10月29日から週4往復,2023年8月23日
ブリティッシュ・エアウェイズ、東京/羽田〜ロンドン/ヒースロー線に新型ビジネス「クラブ・スイート」投入を正式発表,2023年8月23日
スカイマーク、長崎発着便に乗継便を設定　4路線が対象,2023年8月23日
ソラシドエア、14路線を1日80便運航　冬スケジュール運航計画,2023年8月23日
エア・ドゥ、札幌/千歳〜仙台線の増便継続　冬期も1日3往復,2023年8月23日
ヘルシンキ・ヴァンター国際空港、手荷物システムの刷新完了,2023年8月23日
JAL、東京/成田〜香港線を増便　10月29日から週5往復,2023年8月23日
スターフライヤー、国内線5路線を1日最大64便運航　冬スケジュール運航計画,2023年8月23日
フジドリームエアラインズ、名古屋/小牧〜札幌/丘珠線の運航期間延長　11月12日まで,2023年8月23日
春秋航空、茨城〜上海/浦東線を増便　10月29日から週6往復,2023年8月23日
ピーチ、大阪/関西〜ソウル/仁川線を増便　10月29日から1日4往復,2023年8月23日
エア・ドゥ、東京/羽田〜札幌/千歳線の深夜便運航拡大　冬スケジュール運航計画,2023年8月23日
ANA、金刀比羅宮（こんぴらさん）とのコラボ御朱印帳を発売,2023年8月23日
フジドリームエアラインズ、廃棄予定の制服・ツナギを使ったオリジナル商品を発売,2023年8月23日
"ANA、8月24日〜30日搭乗分「トクたびマイル」設定　東京/羽田〜小松・大阪/関西線など3,000マイルから",2023年8月22日
ANA、東京/羽田〜青島線を開設　10月29日から1日1往復,2023年8月22日
KLMオランダ航空、欧州行きで「リアルディールセール」　往復15万円台から,2023年8月22日
ジェットスター・ジャパン、冬スケジュールの運航計画決定　コロナ前と同水準、成田〜下地島線は期間運休,2023年8月22日
ANA、ボーイング787-10型機を国内線に導入　来年2月から幹線に,2023年8月22日
フジドリームエアラインズ、仙台〜出雲線を2024年1月8日運航終了　仙台から撤退,2023年8月22日
エア・ドゥ、ボーイング767-300ER型機の機内改修　288席仕様に統一、旧ANAプレミアムクラス消滅,2023年8月22日
ANA、エアバスA380型機「FLYING HONU」3号機の運航開始　10月20日から,2023年8月22日
北海道エアシステム、札幌/丘珠〜根室中標津線を10月29日開設　1日2往復,2023年8月22日
JAL、エアバスA350-1000型機の就航日は10月2日に発表へ,2023年8月22日
成田空港の国際線「ANAラウンジ」、プライオリティ・パスの利用不可に　9月から,2023年8月22日
中国国際航空、ビジネスクラス機内食ランチ付きトークイベント実施,2023年8月22日
成田空港、新たなシーティングスペースをオープン　自宅リビングのような空間を実現,2023年8月22日
マスターカード、三井住友トラストクラブのカード会員にフライト遅延時のラウンジ提供　コリンソンと連携強化,2023年8月22日
春秋航空、高松〜上海/浦東線の運航再開　9月28日から週4往復,2023年8月22日
MIATモンゴル航空、ワンワールド・コネクトに参加へ,2023年8月21日
ソラシドエア、8路線で減額マイルを実施　9月25日から10月28日搭乗分,2023年8月21日
ブリティッシュ・エアウェイズ、リガとベオグラードへ乗り入れ,2023年8月21日
ITAエアウェイズ、東京/羽田〜ローマ線を週5往復に　冬スケジュール運航計画,2023年8月20日
中国国際航空、沖縄/那覇〜北京/首都線の運航再開　9月17日から週2往復,2023年8月20日
シンガポール航空、バルセロナ・ミラノ線を再開・増便　経由便は減便,2023年8月20日
シンガポール航空、シンガポール〜ケアンズ線の機材大型化　週4往復を運航,2023年8月19日
中国国際航空、福岡〜上海/浦東線を増便　9月10日から週3往復,2023年8月19日
エミレーツ航空とフィリピン航空、インターライン契約拡大,2023年8月19日
英国風パブ「HUB」、羽田空港第2ターミナルにオープン,2023年8月19日
アメリカン航空、大西洋路線増強　3都市へ新規就航,2023年8月19日
フィンエアー、トピ・マナーCEOが退任,2023年8月19日
"エアアジア、「ビッグセール」開催　日本発着は総額11,990円から",2023年8月19日
JAL、燃油サーチャージ引き上げ　10月以降発券分,2023年8月18日
シンガポール航空、4日間限定でセール　東南アジア往復総額4.9万円台など,2023年8月18日
エア・カナダ、イエローナイフ周辺の森林火災で増便　避難指示も,2023年8月18日
ロイヤル・エア・モロッコ、ボーイング737型機を5機リース導入　ALCから,2023年8月18日
カタール航空、最大12％オフ　欧州やアフリカ、中東行き対象,2023年8月18日
香港エクスプレス航空、マニラ就航　10月13日から1日1往復,2023年8月17日
関西国際空港の「ANAラウンジ」、プライオリティ・パスで利用可能に,2023年8月17日
ANA、国際線の軽食メニューにヴィーガンカレー　野菜と果実で“牛肉に負けないおいしさ”追求,2023年8月17日
キャセイパシフィック航空、香港発着世界各地行きでセール　ロンドン往復10万円台など,2023年8月17日
デルタ航空、中国路線拡大　10月29日から2路線週10往復,2023年8月17日
イースター航空、東京/成田・大阪/関西〜ソウル/仁川線の運航再開　9月20日から,2023年8月17日
エア・カナダ、航空券キャンセル柔軟に　オプション提供,2023年8月17日
アエロメヒコ航空、東京/成田〜メキシコシティ線の発着時刻変更　成田発は2時間半早く,2023年8月17日
エア・ドゥ、冬スケジュールの航空券販売を8月29日開始,2023年8月17日
ジェットスター・ジャパン、ストライキ回避,2023年8月16日
JTA、沖縄/那覇〜台北/桃園線でチャーター便　10月に2往復,2023年8月16日
フィンエアー、Avios導入　利用額ベースに変更、ラウンジ新設も,2023年8月16日
JAL、ラグビー日本代表オフィシャルサポーター契約を締結,2023年8月16日
スカイマーク、全路線でセール　羽田発着全路線1万円など、8月搭乗分,2023年8月16日
成田国際空港T2に飲食店フロア「JAPAN FOOD HALL」をオープン　テラス席も,2023年8月16日
キャセイパシフィック航空、法人向けプログラム「ビジネスプラス」を刷新　アジア・マイルの獲得が可能に,2023年8月16日
エミレーツ航空、プレエコ導入1年で16万人以上が利用,2023年8月16日
ベトジェットエア、ベトナムの観光ロゴを描いた特別塗装機導入,2023年8月16日
エティハド航空、冬スケジュールは大幅増便　乗り継ぎ強化,2023年8月16日
ユナイテッド航空、客室内装に点字を導入　米航空会社で初,2023年8月16日
ソラシドエア、冬スケジュールの航空券販売を8月29日開始,2023年8月16日
アメリカ運輸省、中国の航空会社に対する乗り入れ許可拡大　9月から週18往復、冬スケジュールから週24往復,2023年8月16日
エミレーツ航空、ドバイ〜ロンドン/ヒースロー線を増便　週47往復に,2023年8月15日
"ANA、8月17日〜23日搭乗分「トクたびマイル」設定　東京/羽田〜大阪/伊丹線など4,500マイルから",2023年8月15日
キャセイパシフィック航空、南アジア3都市行きで特別運賃　往復総額10万円台から,2023年8月15日
シンガポール航空、東京/成田〜シンガポール線にエアバスA380型機を投入　10月29日から,2023年8月15日
成田国際空港T1にうなぎの老舗「川豊」がオープン,2023年8月15日
LOTポーランド航空、東京/成田〜ワルシャワ線を週3往復に減便へ　冬スケジュール運航計画,2023年8月15日
関西国際空港、T1国際線出発エリアに出店する27店舗を決定,2023年8月15日
"ニアミー、空港送迎を2回以上利用で最大13,000マイル付与",2023年8月15日
ブリティッシュ・エアウェイズ、東京/羽田〜ロンドン/ヒースロー線でファーストクラスのサービス再開,2023年8月15日
"「ANAマイレージクラブ / Sony Bank WALLET」、新規入会と5万円利用で5,000マイル進呈",2023年8月15日
フィリピン航空、東京/成田〜セブ線を増便　10月29日から1日1往復,2023年8月15日
"ピーチ、国内線で「直前割セール」開催　片道2,990円から",2023年8月15日
"チェジュ航空、日韓線で「あきたびセール」開催　片道3,000円から",2023年8月14日
ブリティッシュ・エアウェイズ、東京/羽田〜ロンドン/ヒースロー線に新型ビジネス「クラブ・スイート」投入,2023年8月14日
厦門航空、大阪/関西〜福州線の運航再開　8月6日から週4往復,2023年8月14日
"スターラックス航空、2023年1月〜6月期は利益計上　純利益3億3,100万台湾ドル",2023年8月14日
エールフランス航空、東京/成田〜パリ/シャルル・ド・ゴール線の週3往復体制継続　冬スケジュール運航計画,2023年8月14日
エアアジアグループ、セール開催　東南アジアへ片道1.3万円から,2023年8月13日
マレーシア航空、東南アジア行きなどでセール　総額6.6万円台から,2023年8月13日
ピーチ、back numberとのコラボレーショングッズ展開　機内で新曲放送,2023年8月13日
ANAのふるさと納税、マイル2倍キャンペーン実施中　8月末まで,2023年8月13日
バティックエアー・マレーシア、沖縄/那覇〜台北/桃園〜クアラルンプール線を開設　8月16日から週4往復,2023年8月13日
厦門航空、大阪/関西〜重慶線を開設　8月5日から週3往復,2023年8月13日
アシアナ航空、東京/成田〜ソウル/仁川線を増便　9月も週3往復増,2023年8月13日
ブリティッシュ・エアウェイズ、東京/羽田〜ロンドン/ヒースロー線を週10往復に　冬スケジュール運航計画,2023年8月12日
スターフライヤー、オリジナルTシャツを販売開始,2023年8月12日
キャセイパシフィック航空、メルボルン行きで航空券10％オフ　ホテルや現地ツアーも割引,2023年8月12日
中国東方航空、札幌/千歳〜上海/浦東線の運航再開　9月27日から週2往復,2023年8月12日
ANA、ワークスペース予約サイト「ANA WORK POINT」の利用で1回150マイル付与　8月1日〜10月31日,2023年8月12日
ユナイテッド航空、中国路線の運航拡大　サンフランシスコ〜上海/浦東・北京/首都線をデイリー化,2023年8月12日
スターラックス航空、徳島〜台北/桃園線チャーター便運航へ　紅葉シーズンに,2023年8月11日
"香港国際空港、キャリア・エキスポ開催　50社以上が6,500人以上を採用",2023年8月11日
リヤド・エア、アトレティコ・マドリードとスポンサー契約,2023年8月11日
JAL、東京/成田〜ヌメア線でダブルマイル　9月1日〜11月15日搭乗分,2023年8月11日
エミレーツ航空、新アメニティキットを発表　ブルガリとコラボ,2023年8月11日
シンガポール航空、シンガポール〜フランクフルト線にエアバスA380型機を投入　2024年3月31日から,2023年8月11日
エールフランス航空、大阪/関西〜パリ/シャルル・ド・ゴール線を週3往復に　冬スケジュール運航計画,2023年8月11日
中国東方航空、広島〜上海/浦東線の運航再開　9月22日から週3往復,2023年8月11日
エティハド航空、スプラッシュセール開催中　6都市行き対象、総額12万円台から,2023年8月11日
エミレーツ航空、欧州行きでセール　総額15万円台から,2023年8月10日
大韓航空、東京/成田〜ソウル/仁川線を増便　8月16日〜10月28日、計33往復,2023年8月10日
エールフランス航空、東京/羽田〜パリ線を週14往復に　冬スケジュール運航計画,2023年8月10日
キャセイグループ、エアバス単通路機を最大32機発注へ,2023年8月10日
ANA、国内線あす出発ピーク　下り便予約率99％、「ホヌ」2便もほぼ満席,2023年8月10日
FDA、対象者限定運賃をリニューアル,2023年8月10日
ジェットスター・ジャパン、労働組合がスト権確立,2023年8月10日
シンガポール航空、東京/羽田〜シンガポール線を1日4往復に,2023年8月10日
ヘルシンキ空港、持ち込み手荷物の液体量制限を2リットルに変更,2023年8月10日
キャセイパシフィック航空、純利益42.6億香港ドル　1月〜6月期,2023年8月10日
ANAマイレージクラブ、新ブランド「AirJapan」運航便ではマイル積算せず　特典航空券も対象外,2023年8月10日
"ジェットスター・ジャパン、国内線で「スーパースターセール」　往復予約で復路1,990円から",2023年8月9日
ANA、10月搭乗分の「国内線タイムセール」を実施　10日から,2023年8月9日
JAL、国際線エコノミークラス機内食のスリーブにヘラルボニーのアート作品採用,2023年8月9日
JAL、FLY ONステータス会員・JGC会員にpovo14日間データ使い放題プレゼント,2023年8月9日
ANA、精進料理 醍醐が監修した「果実とスパイス香る ヴィーガンカレー」を提供,2023年8月9日
ベトナム航空、日本〜ベトナム線でフラッシュセール　運賃20％割引,2023年8月9日
エティハド航空、アブダビ〜ボストン線を開設　来年3月31日から週4往復,2023年8月9日
ANA、8月10日〜16日搭乗分「トクたびマイル」設定　お盆も設定あり,2023年8月9日
スプリング・ジャパン、「サンキューセール」開催中　国内2路線999円から,2023年8月8日
JTA、石垣〜台北/桃園線でチャーター便　9月と10月に計2往復,2023年8月8日
タイ・エアアジアX、札幌/千歳〜バンコク/スワンナプーム線の運航再開　10月29日から、特別運賃も設定,2023年8月8日
タイ国際航空とターキッシュ・エアラインズ、合弁事業実施へ,2023年8月8日
"ピーチ、「76時間限定セール」開催　片道2,590円から",2023年8月8日
ZIPAIR Tokyo、ボーイング787-8型機新造機を受領　10日早朝に成田着,2023年8月8日
スプリング・ジャパン、国際線での機内販売を再開,2023年8月8日
九州佐賀国際空港、「九州 SEGA 国際空港」に　8月23日にコラボイベント,2023年8月8日
MIATモンゴル航空、ボーイング787-9型機を2機導入　アメリカ就航へ,2023年8月8日
MIATモンゴル航空、ボーイング787-9型機を2機導入　アメリカ就航へ,2023年8月8日
グローバル・エアラインズ、ローラン・ペリエとパートナーシップ　機内で提供へ,2023年8月8日
キャセイパシフィック航空、新ビジネスクラス「Aria Suite」を来年第2四半期に導入　777-300ER、ドア付きに,2023年8月7日
羽田空港T3のTIAT LOUNGE、プライオリティ・パスに対応,2023年8月7日
アシアナ航空、9月も東京/成田〜ソウル/仁川線にボーイング747-400型機を投入　週5往復,2023年8月7日
ルートインホテルズ、ANAカードマイルプラスの提携終了　7月末で,2023年8月7日
JAL、クレカポイントをマイルに交換で10％ボーナスを進呈　9月中,2023年8月6日
JAL、ジェットスター・ジャパンかスプリング・ジャパンの搭乗で100マイルを追加で進呈,2023年8月6日
ANAトラベラーズ、国内DP利用でツアーマイル2倍　平日・日曜出発限定,2023年8月6日
JAL、クレカポイントからマイル交換で10％ボーナスマイルプレゼント　9月に実施,2023年8月5日
日本空港ビルデング、創立70周年でB’z松本孝弘氏が楽曲書き下ろし,2023年8月5日
ニュージーランド航空、オークランド行きでセール　往復総額12万円から,2023年8月5日
チェジュ航空、東京/成田〜釜山線を増便　9月6日から1日2往復,2023年8月5日
那覇空港、ターミナルビルを8月5日終日閉館　台風6号の影響,2023年8月4日
JAL、エアバスA350-1000型機へのエンジン装着の様子を公開,2023年8月4日
ANA、羽生結弦選手が出演するオンラインツアー「機長・羽生結弦の旅路」を開催,2023年8月4日
ウィズ・エア、エアバスA321neoファミリーを75機追加発注,2023年8月4日
アメリカとモンゴル、2024年に直行便就航　航空輸送協定締結へ,2023年8月4日
マイクロジェット、国内でプライベートジェットチャーターサービス　会長はスカイマーク西久保元社長,2023年8月4日
「JAL Global WALLET」、AmazonでJGWポイント利用で10％還元,2023年8月3日
ベトナム航空、大阪/関西〜ダナン線を年末年始に2往復　来年2月に本格運航再開,2023年8月3日
ZIPAIR Tokyo、東京/成田〜マニラ線の冬スケジュールの航空券販売開始,2023年8月3日
JALグループ、羽田発NY行きで「サステナブル・チャレンジフライト」を実施,2023年8月3日
ANA、1PointFiveと炭素除去クレジット調達契約を締結,2023年8月3日
伊丹空港、国内空港最大規模のEV充電用電源を導入,2023年8月3日
エアロK、東京/成田〜清州線を開設　8月3日から1日1往復,2023年8月2日
中部国際空港、T1到着免税店の営業再開,2023年8月2日
エアージャパン、東京/成田〜バンコク/スワンナプーム線を来年2月9日開設　週6往復を運航,2023年8月2日
エアージャパン、総合職のキャリア採用を実施,2023年8月2日
JALのマイル、povo2.0のデータ通信容量への交換に対応,2023年8月2日
スカイマーク、「ピカチュウジェットBC」の運航計画発表　9月3日〜10月28日,2023年8月2日
JAL、「JAL MaaS」で羽田・伊丹空港発着の空港バスと連携開始,2023年8月2日
"アシアナ航空、東京/成田〜ソウル/仁川線で特別運賃　往復ビジネスクラスで38,000円、エアバスA380型機利用",2023年8月2日
タイ国際航空、札幌・大阪・福岡発着バンコク行きで特別運賃　夏休みでも往復総額7.3万円台から,2023年8月2日
香港の航空需要回復に自信、2024年にもコロナ前水準に　香港アビエーションデー開幕,2023年8月2日
アシアナ航空、東京/成田〜ソウル/仁川線にエアバスA380型機を投入　10月1日〜28日,2023年8月2日
エアカラン、東京/成田〜ヌメア線でセール　総額7.4万円から,2023年8月2日
JAL、エアバスA350-1000型機の運航を11月下旬にも開始へ,2023年8月1日
香港エクスプレス航空、熊本〜香港線の運航再開　11月1日から週3往復,2023年8月1日
"ANA、8月3日〜9日搭乗分「トクたびマイル」設定　東京/羽田〜大阪/伊丹線4,500マイルなど",2023年8月1日
JAL、純損益230億円の黒字　23年4月〜6月期,2023年8月1日
ANA、経路検索・旅行プランニングサービス「旅CUBE」のサービス開始,2023年8月1日
ANAは、文化交流イベント「ANA ʻAha Mele」をホノルルで開催　11月16日〜19日,2023年8月1日
新千歳空港、「ソフト・アイスクリーム総選挙」の投票結果発表,2023年8月1日
JAL、関西国際空港国際線「サクララウンジ」で有料サービス販売,2023年8月1日
関西国際空港T1に飲食店2店舗　スタバとそじ坊,2023年8月1日
日本とチェコ、航空協定に実質合意,2023年8月1日
那覇空港、ターミナルビルを8月1日終日閉館　台風6号の影響,2023年7月31日
ジェットスター、オーストラリア往復航空券購入で復路999円,2023年7月31日
エティハド航空、大阪/関西発着路線でセール　欧州へ総額11万円台など,2023年7月31日
"JAL、「国内航空券タイムセール」を開催　10月搭乗分、7,700円から",2023年7月31日
北海道エアシステム、ATR42-600型機4号機を10月25日運航開始,2023年7月31日
関西国際空港、2期島国際貨物地区のスポット増設,2023年7月31日
北海道エアシステム、札幌/丘珠〜根室中標津線を開設　今冬スケジュールに,2023年7月31日
ピーチ、「変身旅くじ」をルミネ有楽町に設置　映画「バービー」とコラボ,2023年7月31日
"はとバス、羽田の滑走路脇で撮影ツアー　夏の土日運行、13,000円",2023年7月30日
スカイマーク、東京/羽田〜札幌/千歳・福岡線で臨時便　8月に56便,2023年7月29日
「FDA航空教室in福岡空港ツアー」、9月23日に開催　機体見学も,2023年7月29日
スカイマーク、2022年度の定時運航率トップ　6年連続,2023年7月29日
ANA、7月分「ANAにキュン！」でいっしょにマイル割の同行者運賃を割引　その他DPクーポンなども配布,2023年7月29日
デルタ航空、ニューヨークのジョン・F・ケネディ国際空港に2か所目の「デルタ スカイクラブ」開設,2023年7月29日
東京都、東京ブランドの発信拠点「#Tokyo Tokyo BASE」を羽田空港T3に開設,2023年7月29日
ANAホールディングス、純利益306億円　2023年4月〜6月期,2023年7月29日
グローバル・エアラインズ、アメックスと提携　初便にカード会員向けオファー,2023年7月29日
IAG、ワイドボディ機7機のオプション行使,2023年7月29日
フィンエアー、新型ビジネスとプレエコ設置機材を東京/成田・大阪/関西〜ヘルシンキ線に投入,2023年7月29日
渋谷スクランブルスクエア、「SHIBUYA SKY」の屋上「SKY STAGE」で盆踊り実施　8月9日・10日,2023年7月28日
カタール航空、最大12％オフ　欧州やアフリカ、中東行き対象,2023年7月28日
"国内最大級全1,300席　羽田2タミ国際線「ANA SUITE LOUNGE」「ANA LOUNGE」に潜入",2023年7月28日
"ジェットスター・ジャパン、国内線で「スーパースターセール」　往復予約で復路2,990円から",2023年7月28日
タイ・エアアジアX、札幌/千歳〜バンコク/スワンナプーム線の運航再開　10月29日から1日1往復で,2023年7月28日
中国東方航空、新潟〜上海/浦東線の運航再開　8月26日から週2往復,2023年7月28日
"香港エクスプレス航空、「エクスプレスセール」開催　日本発着片道6,500円から",2023年7月28日
スクート、アテネとベルリン線再編　アテネ経由ベルリン線に変更,2023年7月28日
大韓航空、特製ビール「KAL’s Lager」を発表,2023年7月28日
"シンガポール航空、純利益7億3,400シンガポールドル　2023年1月〜3月、過去最高を記録",2023年7月27日
"九州佐賀国際空港、8月の国内線利用者に1,000円分クーポンプレゼント",2023年7月27日
タイ国際航空、福岡〜バンコク線を減便　運航上の理由、9月1日から週5往復,2023年7月27日
JAL、パイロットインターンシップのエントリー受付開始,2023年7月27日
"ZIPAIR Tokyo、サマーセール開催中　北米へ片道総額37,000円からなど",2023年7月27日
エティハド航空、エアバスA380型機の運航再開,2023年7月27日
ANAとJAL、JOCとオフィシャルサポーターシップ契約を締結,2023年7月26日
ピーチ、機材整備で24便を欠航　大阪/関西〜札幌/千歳・鹿児島線、8月1日〜8日に,2023年7月26日
トキエア、就航を8月下旬に再延期　新潟〜札幌/丘珠線の運賃とダイヤ発表,2023年7月26日
春秋航空、福岡〜大連線を開設　8月4日から週1往復,2023年7月26日
アムステルダム・スキポール空港の発着枠一時削減、航空各社などが上訴,2023年7月26日
カタール航空、デジタル旅行体験ができる「QVerse」を刷新,2023年7月26日
"スクート、大阪/関西発着東南アジア・オセアニア路線でセール　片道17,500円から",2023年7月26日
大韓航空、シンガポール発名古屋/中部行きチャーター便を運航へ　9月19日に,2023年7月26日
"ANA、7月27日〜8月2日搭乗分「トクたびマイル」設定　東京/羽田〜庄内・小松線など3,000マイルから",2023年7月26日
イベリア航空、マドリード〜ドーハ線を12月11日開設　ブリティッシュ・エアウェイズとカタール航空の共同事業に参画,2023年7月25日
ジェットスター・ジャパン、エアバスA321LR型機3号機の運航開始前倒し,2023年7月25日
ビーマン・バングラデシュ航空、東京/成田〜ダッカ線開設　9月1日から週3往復,2023年7月25日
エミレーツ航空、機内食予約サービス開始　まずはロンドン3路線のビジネスクラスから,2023年7月25日
ソラシドエア、東京/羽田〜長崎線で早朝夜間臨時便　24時間化への取り組みで,2023年7月25日
エアロK、東京/成田〜清州線を開設へ　8月にも,2023年7月25日
ANA、ボーイング787型機エンジンブレードオブジェの販売中止,2023年7月25日
エールフランス航空、パリ/CDG〜アブダビ線を開設　10月29日から,2023年7月25日
ヴィスタラ、ムンバイ〜ロンドン/ヒースロー線開設　6月1日から週5往復,2023年7月24日
ソラシドエア、東京/羽田〜沖縄/那覇線で臨時便　8月に20便,2023年7月24日
JAL、「国内航空券タイムセール」を開催　9月搭乗分,2023年7月24日
中国国際航空、福岡〜上海/浦東線の運航再開　8月8日から週2往復,2023年7月24日
JAL、都道府県シールがモチーフのNFTコレクション販売,2023年7月24日
エミレーツ航空、オマーン就航30周年　日本へは豆類を輸送,2023年7月24日
宮崎県、旅行割引「夏得！GOGOみやざきサマーキャンペーン」を7月24日開始　20％割引、クーポン付与,2023年7月24日
成田空港の制限エリアをオープントップバスで巡る「スペシャルバスツアー」、9月〜12月に実施,2023年7月23日
JALビジネスアビエーション、HondaJetの一般向けチャーターサービス開始,2023年7月23日
佐川急便、羽田空港第1・第2ターミナルに宅配カウンター,2023年7月23日
カタール航空、天然温泉平和島の利用無料に　羽田到着便利用者が対象,2023年7月23日
キャセイパシフィック航空、東南アジア11都市行きのビジネスクラスで特別運賃　往復総額21万円台から,2023年7月22日
JAL、ウェブサイトでの電子領収書の発行開始　インボイス制度対応,2023年7月22日
"ピーチ、「76時間限定セール」開催　片道2,590円から",2023年7月22日
ANAと川崎重工、航空機廃材でキーホルダーや名刺入れ　高額商品も初回分は即日完売,2023年7月22日
ANA、A380「フライングホヌ」1日2便体制に　ホノルル線、夏の予約はコロナ前の9割に回復,2023年7月22日
中国東方航空、東京/成田〜上海/浦東線を増便　8月1日から1日3往復,2023年7月22日
ノースアトランティック航空、ローマ〜ニューヨーク線開設　欧州5都市からNYへ,2023年7月22日
日本とクロアチア、航空協定に署名,2023年7月22日
ヴァージン・オーストラリア、東京/羽田〜ケアンズ線にボーイング737-8型機の投入前倒し　7月22日から,2023年7月21日
フィンエアー、通期業績見通し引き上げ　営業利益率目標の達成前倒し見込む,2023年7月21日
"ジェットスター・ジャパン、国内線で「スーパースターセール」　往復予約で復路2,990円から",2023年7月21日
タイ・ライオン・エア、東京/成田〜台北/桃園〜バンコク/ドンムアン線を開設へ　9月16日から週5往復,2023年7月21日
エアアジアX、マレーシア証券取引所に注意銘柄指定解除を申請,2023年7月21日
中国国際航空、広島〜大連〜北京/首都線の運航再開　8月25日から週2往復,2023年7月21日
カタール航空、羽田到着便のビジネスクラス利用者にタクシー券　上限1万円,2023年7月21日
DHL、持続可能な航空燃料でCO2排出量を削減できる輸送サービスを日本で本格導入,2023年7月20日
JAL、ファーストクラスの国際線特典航空券でシーズン制導入　10月1日発券分から,2023年7月20日
ノーザンパシフィック航空、オンタリオ〜ラスベガス線を開設　7月14日から週1往復で,2023年7月20日
ナインアワーズ成田空港、プライオリティ・パスに対応　シャワーと仮眠最大5時間無料,2023年7月20日
ANA、「イーブイジェットNH」の初便は羽田発ロンドン行き　お披露目イベントに100名招待,2023年7月19日
スイス競泳選手、”スイスカラー”のFDA機で福岡入り　空港では国旗で見送り,2023年7月19日
チェジュ航空、日韓14路線の無料往復航空券を配布,2023年7月19日
ANAとヴァージン・オーストラリア、マイレージ提携やコードシェア拡大に合意,2023年7月19日
ANA国際線、羽田2タミから3年3か月ぶり再開　1日5便が出発,2023年7月19日
大韓航空、名古屋/中部・福岡〜釜山線の運航再開　9月27日から,2023年7月19日
カタール航空、ドーハ〜リヨン線を開設　週4往復で,2023年7月19日
ミャンマー国際航空、シンガポールの銀行との取引停止でコメント,2023年7月19日
香港航空、米子〜香港線でチャーター便　8月20日まで週3往復,2023年7月19日
リーガロイヤルホテル（大阪）、IHGに加盟　2025年の「ヴィニェット コレクション」リブランドに向け,2023年7月19日
ユナイテッド航空、マニラ〜サンフランシスコ線を開設　今秋に太平洋路線を拡大,2023年7月18日
エジプト航空、東京/成田〜カイロ線の運航再開　9月12日から週2往復,2023年7月18日
"ANA、7月20日〜26日搭乗分「トクたびマイル」設定　東京/羽田〜秋田・富山線など3,000マイルから",2023年7月18日
ANA、ホヌの機体をイメージしたキャラクターのマスコットキーホルダー2種を発売,2023年7月18日
ジェットスター・ジャパン、エアバスA321LR型機3号機の運航を8月開始,2023年7月18日
ブリティッシュ・エアウェイズ、Aviosの付与方法を変更　支払額ベースに,2023年7月18日
ブリティッシュ・エアウェイズ、Aviosの付与方法を変更　支払額ベースに,2023年7月18日
JAL、スプリング・ジャパンとジェットスター・ジャパン便のスケジュール照会とリンク表示に対応,2023年7月18日
JAL、東京/羽田〜ドーハ線を開設　2024年夏スケジュールに、1日1往復,2023年7月18日
JAL住宅ローン、利用で最大12万マイル　FLY ONステータスも選択可,2023年7月18日
ANA、国際線機内免税品をANAカード決済で20%割引　8月31日まで,2023年7月18日
エクスペディアグループ、共通ロイヤリティプログラム「One Key」を発表,2023年7月18日
ANA、東京/羽田〜秋田線にボーイング777-300型機を投入,2023年7月17日
キャセイパシフィック航空、中間決算黒字化　政府保有優先株を買い戻しへ、従業員には最大6週間分の報奨金,2023年7月17日
"チェジュ航空、日韓線で「今安セール」　片道3,000円から",2023年7月17日
中国東方航空、福岡〜上海/浦東線を増便　8月1日から1日1往復,2023年7月17日
アメリカン航空、ハブ効率分析ツールで運航最適化　悪天候時の欠航回避,2023年7月16日
ペガサス航空、エアバスA321neoを36機追加発注,2023年7月16日
ジンエアー、札幌/千歳〜釜山線の運航再開　7月17日から1日1往復,2023年7月16日
ジェットスターとベルトラ、「ジェットスター・アクティビティ」の販売開始,2023年7月16日
ZIPAIR Tokyo、北米とバンコク線の最低運賃引き上げ,2023年7月16日
"ピーチ、お盆の国内9路線でセール　片道3,990円から",2023年7月16日
アシアナ航空、宮崎〜ソウル/仁川線の運航再開　9月27日から週3往復,2023年7月16日
キャピタルAのトニー・フェルナンデスCEO、QPRの株式を売却,2023年7月16日
ANA、成田からクライストチャーチへ「なでしこジャパン」初のチャーター便,2023年7月16日
中国東方航空、大阪/関西〜北京/大興線を開設　8月1日から1日1往復,2023年7月15日
テレポート、エアバスA321Fの初号機を導入,2023年7月15日
エア・カナダ、サンフランシスコ国際空港に初のラウンジ開設,2023年7月15日
タイ国際航空、バンコク/スワンナプーム〜ヤンゴン・ダッカ線を開設・増便　タイ・スマイル再編の一環,2023年7月15日
キャセイパシフィック航空、国内空港での搭乗手続き締切時刻を60分前に　7月18日から,2023年7月15日
エミレーツ航空、シャルル・ド・ゴール空港にプレミアム旅行者専用ラウンジスペースを設置,2023年7月15日
JALとKAMMUI、訪日外国人向けプレミアムアドベンチャーツーリズム市場の開拓と普及で連携,2023年7月15日
アメリカン航空とジェットブルー航空、提携縮小　コードシェア便販売終了,2023年7月14日
ZIPAIR Tokyo、オプション刷新　受託手荷物を30キロに統一,2023年7月14日
炭治郎がドア横で歓迎　ANAのQ400「鬼滅の刃ぷろっぷ」就航、7月中にも3機体制へ,2023年7月14日
"ジェットスター・ジャパン、国内線で「スーパースターセール」　片道3,580円から",2023年7月14日
エアソウル、大阪/関西〜ソウル/仁川線を増便　9月1日から週18往復,2023年7月14日
ZIPAIR Tokyo、冬スケジュールの4路線の航空券販売開始　北米とバンコク線,2023年7月14日
エアソウル、東京/成田〜ソウル/仁川線を増便　1日最大3往復に,2023年7月14日
ノースアトランティック航空、パリ・ベルリン〜マイアミ線を12月開設,2023年7月14日
タイ国際航空、東京/成田〜バンコク/スワンナプーム線の増便取りやめ　10月28日まで1日2往復維持,2023年7月14日
香港エクスプレス航空の名古屋/中部〜香港線往復航空券を100名にプレゼント　「ワールド・オブ・ウィナーズ」の一環で,2023年7月14日
JALグループ、北海道発着季節定期便6路線を今年も運航,2023年7月14日
アラスカ航空、飛行機で1年間大学に通学した学生に「定期券」プレゼント,2023年7月14日
グレーターベイ航空、大阪/関西〜香港線を増便　段階的に1日1往復に,2023年7月14日
カタール航空、72時間タイムセール　欧州往復14万円台から,2023年7月14日
カナダ運輸省、航空旅客保護規則を改正へ　パブコメ募集,2023年7月14日
春秋航空、茨城〜上海/浦東線の運航再開　8月4日から週4往復,2023年7月14日
デルタ航空、エアバスA220-300型機12機を追加発注,2023年7月14日
エアソウル、高松発ソウル/仁川行きを2名以上の利用で1名分キャッシュバック　先着100名限定,2023年7月14日
ブリティッシュ・エアウェイズ、ヒースロー空港T5にロゼ・バー「ウィスパリング・エンジェル」をオープン,2023年7月14日
JAL、国際線でFLY ONポイント2倍　ANAに追随,2023年7月13日
マレーシア航空、「アーリーバード・スペシャル3」開催　往復4.4万円台から,2023年7月13日
“封印中”は乃木坂MVも　羽田2タミ国際線、3年3か月ぶり再開に向け準備中,2023年7月13日
"ソラシドエア、9月・10月搭乗分でセール　羽田発着九州・沖縄線が7,900円から",2023年7月13日
中国東方航空、名古屋/中部〜上海/浦東線を増便計画変更　8月1日から週5往復、8月18日からデイリー化,2023年7月13日
羽田発函館行きJAL機、着陸時に予備燃料不足　重大インシデント認定,2023年7月13日
エア・アスタナ、2024年にも東京就航へ,2023年7月13日
シンガポール航空、楊枝甘露風味のアイスモナカを機内提供,2023年7月13日
シャルル・ド・ゴール国際空港とパリ市内を結ぶ高速道路、強盗被害多発,2023年7月13日
アメリカン航空、ジョン・F・ケネディ国際空港ターミナル8の商業再開発プログラムを発表,2023年7月13日
ジンエアー、名古屋/中部〜ソウル/仁川線を開設　9月15日から1日2往復,2023年7月13日
エミレーツ航空、ドバイ〜モントリオール線開設　カナダ2都市へ週14往復を運航,2023年7月13日
CAの盗撮は違法行為　撮影罪が7月13日施行、ANAが注意喚起,2023年7月12日
JAL、業務企画職インターンシップのエントリー受付を開始,2023年7月12日
"ZIPAIR Tokyo、22億7,220万円の最終黒字　2023年3月期、初の黒字化",2023年7月12日
"ジェットスター・アジア航空、運航再開の日本2路線でセール　那覇〜シンガポール線が8,990円からなど",2023年7月12日
ジェットスター・アジア航空、大阪/関西〜マニラ〜シンガポール線の運航再開　11月24日から週5往復,2023年7月12日
ジェットスター・アジア航空、沖縄/那覇〜シンガポール線の運航再開　11月30日から週3往復,2023年7月12日
大韓航空、中国路線拡充　長沙・威海・厦門線再開,2023年7月12日
ジェットスター航空、ソウルへデイリー運航　シドニー線増便、ブリスベン線新設,2023年7月12日
エミレーツ航空、オンデマンド・チャーターサービスを開始,2023年7月12日
キャセイパシフィック航空、新ブランド「キャセイカーゴ」の新塗装機を公開　ブランドキャンペーンも開始,2023年7月12日
ハードロックカフェ、ハワイアン航空公認のスペシャルメニューを7月1日提供開始,2023年7月11日
"ANA、7月13日〜19日搭乗分「トクたびマイル」設定　東京/羽田〜庄内・小松線など3,000マイルから",2023年7月11日
ベトジェットエア、広島〜ハノイ線の開設取りやめ　延期へ,2023年7月11日
デルタ航空、女子プロゴルファーのネリー・コルダ選手とスポンサー契約,2023年7月11日
JAL、永久不滅ポイントからのマイル交換でレートアップ中　通常より20％増、7月末まで,2023年7月11日
スターラックス航空、熊本〜台北/桃園線の運航計画変更　9月1日から週5往復,2023年7月11日
ANA、最優秀空港に庄内空港　高評価の裏に現場発案の独自アイディア,2023年7月11日
香港国際空港、香港発の無料航空券8万枚を追加配布　アジア各都市へ,2023年7月11日
ANA、グローバルスタッフ職と客室乗務職のキャリア採用実施　カムバック採用通年化,2023年7月11日
ソラシドエア、羽田空港のサテライト出発便増加　8月下旬にかけて,2023年7月11日
スプリング・ジャパン、9月・10月の運航計画を決定　成田〜千歳線1日最大4往復,2023年7月11日
エアバス、トゥールーズにA320ファミリーの最終組立ラインを新設,2023年7月11日
中国南方航空、東京/成田〜長春線を一時増便　運航日変更も,2023年7月11日
ANAホールディングス、簡易株式交換で完全子会社化,2023年7月10日
フィリピン・エアアジア、東京/成田〜セブ線の運航スケジュール変更　増便は予定通り,2023年7月10日
中部国際空港、「セントレア盆踊り」を7月16日開催　4年ぶり,2023年7月10日
中国南方航空、東京/成田〜瀋陽線を増便　段階的に週6往復に,2023年7月10日
中国南方航空、東京/成田〜上海/浦東線を増便　7月15日から1日1往復,2023年7月10日
JAL、ヘルシンキ乗り継ぎでのラウンジサービスを11月まで延長　羽田発YとPY利用者対象,2023年7月10日
ブリティッシュ・エアウェイズ、機内でアイスクリーム提供　夏の機内サービス,2023年7月10日
キャセイパシフィック航空、香港〜クライストチャーチ線の運航再開　12月15日から週3往復,2023年7月10日
JAL、社外向けビジネスコンテスト「JAL Wingman Project」を開催,2023年7月10日
アムステルダム・スキポール空港の発着枠一時削減、裁判所が認める,2023年7月10日
中国東方航空、富山〜上海/浦東線の運航再開　8月8日から週2往復,2023年7月10日
ヴァージン・オーストラリア、既存機の内装刷新　1.1億豪ドルを投資、エコノミー増席,2023年7月10日
"ピーチ、国内・国際線で「#変身旅セール」　片道2,590円から",2023年7月9日
ジェットブルー航空とアメリカン航空、ノースイースト・アライアンスを終了,2023年7月9日
ベトジェットエア、南紀白浜へチャーター便　7月に2往復,2023年7月9日
デルタ航空、東京/羽田〜ホノルル線の運航開始　10月28日から1日1往復,2023年7月9日
ヴァージン・オーストラリア、東京/羽田〜ケアンズ線にボーイング737-8型機を投入　7月30日から,2023年7月9日
中国東方航空、岡山〜上海/浦東線の運航再開　8月4日から週2往復,2023年7月9日
ソラシドエア、大人普通運賃を値上げ　7月11日購入分から,2023年7月9日
羽田空港船着場発着の定期航路とクルーズツアー、7月9日から運航,2023年7月9日
ジェットスター航空、ブリスベン発着国際線増便　アジア3路線新設,2023年7月9日
中国南方航空、偽の航空券購入に注意喚起　日中線でも発生、搭乗できないケースも,2023年7月9日
エアソウル、米子〜ソウル/仁川線の運航再開　10月25日から週3往復,2023年7月9日
エティハド航空、アブダビ〜リスボン線開設　6月19日から週3往復,2023年7月8日
タイガーエア・台湾、小松〜台北/桃園線の運航再開　7月2日から週2往復,2023年7月8日
"エアソウル、「EARLY BIRD」を開催　日韓4路線が片道1,300円から",2023年7月8日
ガルーダ・インドネシア航空、東京/成田〜デンパサール線を増便　8月9日から週5往復,2023年7月8日
ANA、小型機でも「鬼滅の刃」コラボ　「地方路線でも楽しんで」現場の整備士が提案,2023年7月8日
アシアナ航空、札幌/千歳〜ソウル/仁川線にボーイング747-400型機を投入,2023年7月8日
アシアナ航空、東京/成田〜ソウル/仁川線を増便　8月は週25往復を運航,2023年7月8日
ティーウェイ航空、佐賀〜ソウル/仁川線の運航再開　9月8日から週3往復,2023年7月8日
ソラシドエア、機内エンターテインメント「ソラタイム」を7月1日再開,2023年7月7日
JAL、羽田で4年ぶり七夕イベント　訪日客らが日本の伝統行事楽しむ,2023年7月7日
ドットマネー、ユナイテッド航空「マイレージプラス」への交換を開始,2023年7月7日
ブリティッシュ・エアウェイズ、ロンドン/ガトウィック〜フエルテベントゥーラ島線を11月2日開設,2023年7月7日
スリランカ航空、東京/成田〜コロンボ線を増便　7月29日から週4往復,2023年7月7日
春秋航空、名古屋/中部〜上海/浦東線を増便　8月6日から週3往復,2023年7月7日
羽田空港国内線の「ANA SUITE LOUNGE」、約100席増席　防音個室ブース正式導入,2023年7月7日
中国東方航空、名古屋/中部〜上海/浦東線を増便　8月1日から週3往復、万博以来のワイドボディ機投入も,2023年7月7日
JALグループとCBcloud、「手荷物当日配送サービス」のエリア拡大,2023年7月7日
JALと住友商事、訪日客に衣料品をレンタル　来年8月まで実証,2023年7月7日
ANAウイングス、自社養成パイロットのインターンシップを初開催,2023年7月7日
アイスランド航空、エアバスA321XLR型機を13機確定発注,2023年7月6日
ユナイテッド航空、LA・NY・シアトル行きでセール　往復16万円、燃油込み,2023年7月6日
キャセイパシフィック航空、特典航空券チャートを変更　日本路線は大半で引き上げ,2023年7月6日
中国南方航空、名古屋/中部〜大連線を増便　8月21日から週3往復,2023年7月6日
ノルウェー・エアシャトル、ヴィデロー航空の買収に合意,2023年7月6日
JTAら3社、夏休みに「那覇空港バスツアー」　滑走路周辺などバスで周遊,2023年7月6日
マカオ航空、大阪/関西〜マカオ線を増便　7月6日から週5往復,2023年7月6日
春秋航空、佐賀〜上海/浦東線の運航再開　9月6日から週3往復,2023年7月6日
スカイマーク、東京/羽田〜福岡線で臨時便　7月に4便追加,2023年7月6日
フィリピン・エアアジア、東京/成田〜セブ線を開設　週3往復で,2023年7月6日
カタール航空、純利益12.1億米ドル　2023年3月期,2023年7月6日
スターフライヤー、個人モニター廃止の新型機A320neo　機内詳細レポート,2023年7月6日
ビバ・エアロバス、エアバスA321neoを90機発注へ　覚書締結,2023年7月6日
JAL、国際線でタイムセール　ソウル往復4万円、欧州4都市往復16万円など,2023年7月6日
マレーシア航空、東京/羽田〜クアラルンプール線を一時運休　9月17日から,2023年7月5日
羽田空港T1展望デッキに「サントリー生ビールビアテラス」を期間限定オープン,2023年7月5日
香港の航空旅客輸送量、2024年末にも回復　政府による労働力不足への対応で3年前倒し,2023年7月5日
ANA、7月6日から国際・国内線大規模セール　ホノルル燃油込み往復7.8万円など,2023年7月5日
JAL、Pontaからのマイル交換でレートアップ　通常より20％増、7月末まで,2023年7月5日
ガルーダ・インドネシア航空、東京/羽田〜ジャカルタ線を増便　8月7日から週4往復,2023年7月4日
スターフライヤー、A320neoデビュー　機内Wi-Fi提供、個人モニターは廃止,2023年7月4日
ジェットスター・ジャパン、3機目のA321LRを7月中受領へ　当面は国内運用、夏の高需要に対応,2023年7月4日
タイ国際航空、札幌/千歳〜バンコク線の運航再開　8月2日から週5往復,2023年7月4日
セブパシフィック航空、今年8機目のエアバスA320neoを受領　天津からSAF使用しデリバリーフライト,2023年7月4日
ANAとJCB、植物由来原料を使ったカード発行,2023年7月4日
エア・ドゥの「ほたてスープ」、お茶漬けに　新千歳空港で提供,2023年7月3日
ジェットスター・ジャパン、就航11周年　国内線利用は約9割回復,2023年7月3日
アメリカ運輸省、デルタ航空の羽田発着一部自由化提案を拒否,2023年7月1日
"エアバス、13,000人以上の従業員を新規採用",2023年7月1日
はとバス、「羽田空港ベストビュードライブ」コースをリニューアル　空港制限エリアで降車,2023年6月30日
スターフライヤー、北九州〜務安線でチャーター便　156便を運航,2023年6月30日
ANA、国際線でプレミアムポイント2倍　7月〜12月搭乗分,2023年6月30日
グローバル・エアラインズ、エアバスA380型機3機を追加購入,2023年6月30日
タイ国際航空、エアバスA320型機を4機導入　デリー・ムンバイ線に投入,2023年6月29日
フィリピン・エアアジア、東京/成田〜セブ線の運航計画を更新,2023年6月29日
ヴァージン・オーストラリア、ボーイング737-8型機初号機を受領,2023年6月29日
ANAの767、最大出力でドッカン上がり　パイロットが“マニアック実況”した特別便の全貌,2023年6月29日
"ピーチ、124億7,100万円の最終赤字　2023年3月期決算",2023年6月29日
ファイアフライ、東京/成田〜コタキナバル線を11月開設へ,2023年6月29日
ターキッシュ・エアラインズ、東京/成田〜イスタンブール線にエアバスA350-900型機を投入,2023年6月29日
ターキッシュ・エアラインズ、東京/成田〜イスタンブール線にエアバスA350-900型機を投入,2023年6月29日
カタール航空とFCバイエルン・ミュンヘン、パートナーシップ契約終了,2023年6月29日
JAL、マレーシア航空の日本路線もマイルアップボーナス対象に,2023年6月29日
アシアナ航空、東京/羽田〜ソウル/仁川線の運航再開　8月1日から週3往復,2023年6月29日
ヴァージン・オーストラリア、東京/羽田〜ケアンズ線を開設　1日1往復を運航,2023年6月28日
ANA、お盆の国内線でセール実施　ANAキュン企画,2023年6月28日
「ANA Pay」、Android版のサービス開始,2023年6月28日
シンガポール航空、東京/成田〜シンガポール線にエアバスA380型機を投入　10月29日から,2023年6月28日
マレーシア航空、「72時間限定フラッシュセール」開催　往復総額6.6万円台から,2023年6月28日
成田国際空港に「モレスキン」のポップアップショップ　7月1日オープン,2023年6月28日
ANA、サッカー日本代表・三笘薫選手とスポンサー契約,2023年6月28日
JALファーストラウンジの「RED SUITE」表現した部屋　グランドニッコー東京 台場に登場,2023年6月28日
ユナイテッド航空、日本・ミクロネシア地区営業担当支社長に桐山謙一氏　7月1日付,2023年6月28日
"ANA、6月29日〜7月5日搭乗分「トクたびマイル」設定　東京/羽田〜八丈島線3,000マイルなど",2023年6月27日
JAL、本物の魚っぽい”プラントベース寿司”提供　通常の寿司とともに7月10日から,2023年6月27日
シンガポール航空、東京/羽田〜シンガポール線を増便　10月1日から1日3往復,2023年6月27日
サウディア・カーゴ、日本でのインターラインパートナー拡充　ソウル経由で輸送,2023年6月27日
JAL、東京/羽田〜バンコク線のファーストクラスへ特典アップグレードで1万マイルバック　9月末まで,2023年6月27日
吉祥航空、大阪/関西〜上海/浦東線を増便　7月10日から1日3往復,2023年6月27日
"香港航空、無料航空券の先着配布開始　日本発着は2,050枚",2023年6月27日
エア・ドゥ、東京/羽田〜札幌/千歳線を増便　8月〜10月に160便,2023年6月27日
シンガポール航空、4日間限定でセール　シンガポール往復総額4.5万円台など,2023年6月26日
アシアナ航空、名古屋/中部〜ソウル/仁川線を増便　7月28日から1日2往復,2023年6月26日
関西国際空港、飛行ルート新設へ　滑走路運用も変更,2023年6月26日
ジェットスター・ジャパン、就航11周年でキャンペーン,2023年6月26日
ソラシドエア、機内でのアルコール販売再開,2023年6月26日
吉祥航空、名古屋/中部〜上海/浦東線の運航再開　8月8日から1日1往復,2023年6月26日
"キャセイパシフィック航空、無料航空券の抽選配布開始　日本発着は12,000枚",2023年6月26日
チェコ航空、エアバスA220-300型機をリース導入　2024年に3機,2023年6月26日
ANA、特別デカール機「鬼滅の刃 ぷろっぷ」を7月14日就航　7月中に3機,2023年6月26日
"香港エクスプレス航空、無料航空券の先着配布開始　日本発着は14,900枚",2023年6月26日
春秋航空、福岡〜寧波線を開設　7月15日から週3往復,2023年6月26日
ユナイテッド航空、フライト遅延や欠航時にアプリでバウチャー自動付与,2023年6月26日
フィンエアー、2024年夏スケジュールを更新　ヴロツワフ就航やグダニスク再開など,2023年6月26日
JAL、産地直送オンラインショップ「SORAKARA OTODOKE」をオープン,2023年6月26日
カタール航空、トラブゾン就航　夏期限定で週3往復,2023年6月26日
アボロン、ボーイング737-8型機を40機発注,2023年6月25日
成田空港フォトウェディング、9月〜11月実施分の販売開始,2023年6月25日
カタール航空、ガルフストリームG700を公開　ドーハ〜NY間が13時間半,2023年6月25日
エアロK、大阪/関西〜清州線を開設　7月6日から1日2往復,2023年6月25日
スカイマーク、東京/羽田〜福岡線で臨時便　7月に44便,2023年6月25日
ANA、特別塗装機「イーブイジェットNH」を8月31日就航　777-300ER、国際線に投入,2023年6月25日
カタール航空、「早割キャンペーン」開催　最大14％オフ,2023年6月24日
香港国際空港、六本木ヒルズでイベント　航空券500枚プレゼント,2023年6月24日
ANA、国際線特典航空券最大50％オフ　「ANAにキュン！」で,2023年6月24日
"ジェットスター、国内線で「スーパースターセール」　成田〜松山線が片道1,000円など",2023年6月24日
空港の保安検査、実施主体を空港管理者に移行へ,2023年6月23日
タイ国際航空、大阪/関西〜バンコク線の一部便運休　7月1日から,2023年6月23日
JTAとRAC、那覇〜宮古・石垣線のボーナスマイルキャンペーン再延長　1区間最大500マイル,2023年6月23日
ANA、燃油サーチャージを引き下げ　8月以降発券分,2023年6月23日
ANA、「CA体験ツアー」を7月と9月に設定,2023年6月23日
グローバル・エアラインズ、元ロールス・ロイスCCOと元イージージェット上級機長を顧問に　A380で大西洋横断路線開設へ,2023年6月23日
リヤド・エア、GE製エンジン90基を契約　787-9向け,2023年6月23日
「JALキッズサマーキャンペーン」、6月29日開始　夏休み期間の往復セイバー、小児割引率50％に,2023年6月23日
